period,id,direction,signalTime,signalCloseTime,entryTime,exitTime,entry,stop,target,exit,quantity,riskBudget,plannedRisk,netPnl,fees,funding,netR,exitReason,confirmations
Research,1,1,1774781700,1774782000,1774782000,1774785000,69.935,69.9,70.005,69.885,28.59798384213913,10.0,3.4291842425108054,-3.4291842425108214,1.9992850504039466,0.0,-0.34291842425108215,stop,"[{""stage"": ""direction"", ""timeframe"": ""1h"", ""closeTime"": 1774782000, ""ema20"": 69.87594962145708, ""ema50"": 69.60539464350927, ""rsi20"": null}, {""stage"": ""setup"", ""timeframe"": ""15m"", ""closeTime"": 1774782000, ""ema20"": 69.90338633497083, ""ema50"": 69.8893944875012, ""rsi20"": 57.57299955741323}, {""stage"": ""entry"", ""timeframe"": ""5m"", ""closeTime"": 1774782000, ""ema20"": 69.91531930596236, ""ema50"": 69.9062461221662, ""rsi20"": 52.918079381278325}]"
Research,2,1,1774786500,1774786800,1774786800,1774786800,69.935,69.91,69.98500000000001,69.895,28.548949964359604,9.982854078787446,3.137957835332748,-3.1379578353327644,1.9959998367582017,0.0,-0.3143347394008901,stop,"[{""stage"": ""direction"", ""timeframe"": ""1h"", ""closeTime"": 1774785600, ""ema20"": 69.87919251465165, ""ema50"": 69.61733995160695, ""rsi20"": null}, {""stage"": ""setup"", ""timeframe"": ""15m"", ""closeTime"": 1774786500, ""ema20"": 69.90733383445586, ""ema50"": 69.89381205648665, ""rsi20"": 54.29914148477965}, {""stage"": ""entry"", ""timeframe"": ""5m"", ""closeTime"": 1774786800, ""ema20"": 69.91352803895376, ""ema50"": 69.90964771313209, ""rsi20"": 52.64560583061185}]"
Research,3,-1,1774833300,1774833600,1774833600,1774833600,68.715,68.98,68.185,68.995,28.571080505111766,9.967164289610782,9.967164289610782,-9.967164289610798,1.9672617481794707,0.0,-1.0000000000000016,stop,"[{""stage"": ""direction"", ""timeframe"": ""1h"", ""closeTime"": 1774832400, ""ema20"": 69.54121433017431, ""ema50"": 69.58339136728077, ""rsi20"": null}, {""stage"": ""setup"", ""timeframe"": ""15m"", ""closeTime"": 1774833300, ""ema20"": 68.92199560290626, ""ema50"": 69.3732299573673, ""rsi20"": 45.26820475515024}, {""stage"": ""entry"", ""timeframe"": ""5m"", ""closeTime"": 1774833600, ""ema20"": 68.6546914860886, ""ema50"": 68.86016839370427, ""rsi20"": 49.299799322863635}]"
Research,4,-1,1774833900,1774834200,1774834200,1774838400,68.705,69.11,67.895,69.125,20.284361224676488,9.917328468162728,9.917328468162728,-9.91732846816274,1.3978967537985802,0.0,-1.0000000000000013,stop,"[{""stage"": ""direction"", ""timeframe"": ""1h"", ""closeTime"": 1774832400, ""ema20"": 69.54121433017431, ""ema50"": 69.58339136728077, ""rsi20"": null}, {""stage"": ""setup"", ""timeframe"": ""15m"", ""closeTime"": 1774834200, ""ema20"": 68.90371030739138, ""ema50"": 69.34800525315681, ""rsi20"": 41.997235829861246}, {""stage"": ""entry"", ""timeframe"": ""5m"", ""closeTime"": 1774834200, ""ema20"": 68.68127806457592, ""ema50"": 68.85581096243135, ""rsi20"": 49.3956102383175}]"
Research,5,1,1774934400,1774934700,1774934700,1774935000,72.125,71.81,72.755,71.795,24.549064150218847,9.867741825821913,9.867741825821913,-9.867741825821925,1.7665506562497484,0.0,-1.0000000000000013,stop,"[{""stage"": ""direction"", ""timeframe"": ""1h"", ""closeTime"": 1774933200, ""ema20"": 71.00001385719126, ""ema50"": 70.44358956439004, ""rsi20"": null}, {""stage"": ""setup"", ""timeframe"": ""15m"", ""closeTime"": 1774934100, ""ema20"": 71.82943465287886, ""ema50"": 71.25315888036415, ""rsi20"": 53.01297562907832}, {""stage"": ""entry"", ""timeframe"": ""5m"", ""closeTime"": 1774934700, ""ema20"": 72.13586944890166, ""ema50"": 71.9501793158285, ""rsi20"": 51.07178118383964}]"
Research,6,1,1774938600,1774938900,1774938900,1774941300,72.225,71.98,72.71499999999997,71.965,27.18837830859897,9.818403116692803,9.029124494393914,-9.029124494393928,1.960146134158443,0.0,-0.9196123226029517,stop,"[{""stage"": ""direction"", ""timeframe"": ""1h"", ""closeTime"": 1774936800, ""ema20"": 71.11715539460162, ""ema50"": 70.51364487559043, ""rsi20"": null}, {""stage"": ""setup"", ""timeframe"": ""15m"", ""closeTime"": 1774938600, ""ema20"": 71.95442359886758, ""ema50"": 71.41642249374793, ""rsi20"": 54.59313375376759}, {""stage"": ""entry"", ""timeframe"": ""5m"", ""closeTime"": 1774938900, ""ema20"": 72.16078444656004, ""ema50"": 72.05506106064342, ""rsi20"": 51.94468900003835}]"
Research,7,1,1775003100,1775003400,1775003400,1775003400,75.285,75.12,75.61499999999998,75.105,25.96335921955458,9.773257494220832,6.625719456034025,-6.625719456034039,1.9523147965144065,0.0,-0.6779438135086474,stop,"[{""stage"": ""direction"", ""timeframe"": ""1h"", ""closeTime"": 1775001600, ""ema20"": 73.87355796845782, ""ema50"": 72.37613993910519, ""rsi20"": null}, {""stage"": ""setup"", ""timeframe"": ""15m"", ""closeTime"": 1775003400, ""ema20"": 75.08565544483494, ""ema50"": 74.51662118885658, ""rsi20"": 60.38221732043927}, {""stage"": ""entry"", ""timeframe"": ""5m"", ""closeTime"": 1775003400, ""ema20"": 75.11731992314286, ""ema50"": 75.11252984029589, ""rsi20"": 54.92483380501396}]"
Research,8,1,1775005200,1775005500,1775005500,1775005500,75.455,75.17,76.02499999999999,75.155,25.817053600001756,9.740128896940663,9.689269301348572,-9.689269301348586,1.9441532213481323,0.0,-0.9947783447087594,stop,"[{""stage"": ""direction"", ""timeframe"": ""1h"", ""closeTime"": 1775005200, ""ema20"": 74.00083816193802, ""ema50"": 72.4872717061991, ""rsi20"": null}, {""stage"": ""setup"", ""timeframe"": ""15m"", ""closeTime"": 1775005200, ""ema20"": 75.08839368613474, ""ema50"": 74.56127161647238, ""rsi20"": 57.78759842110849}, {""stage"": ""entry"", ""timeframe"": ""5m"", ""closeTime"": 1775005500, ""ema20"": 75.11500298795086, ""ema50"": 75.10833044698593, ""rsi20"": 58.89680838310565}]"
Research,9,1,1775088000,1775088300,1775088300,1775088600,75.405,75.26,75.695,75.67999999999999,25.7056761499474,9.691682550433919,6.04918823998627,5.127189900677914,1.9418710405574016,0.0,0.529029905178679,target,"[{""stage"": ""direction"", ""timeframe"": ""1h"", ""closeTime"": 1775088000, ""ema20"": 75.03957465637666, ""ema50"": 74.01687415956856, ""rsi20"": null}, {""stage"": ""setup"", ""timeframe"": ""15m"", ""closeTime"": 1775088000, ""ema20"": 75.34973687265344, ""ema50"": 75.24290350094553, ""rsi20"": 51.376880379763676}, {""stage"": ""entry"", ""timeframe"": ""5m"", ""closeTime"": 1775088300, ""ema20"": 75.43967985824145, ""ema50"": 75.36039424547864, ""rsi20"": 50.20502445979386}]"
Research,10,-1,1775119500,1775119800,1775119800,1775121600,71.355,71.56,70.94500000000001,71.575,27.236545441629342,9.71731849993731,7.93849971714445,-7.938499717144466,1.9464597199860412,0.0,-0.8169434517553047,stop,"[{""stage"": ""direction"", ""timeframe"": ""1h"", ""closeTime"": 1775116800, ""ema20"": 73.37687268822296, ""ema50"": 73.51149911708877, ""rsi20"": null}, {""stage"": ""setup"", ""timeframe"": ""15m"", ""closeTime"": 1775119500, ""ema20"": 71.59510356188402, ""ema50"": 72.6801719658963, ""rsi20"": 40.30216608663835}, {""stage"": ""entry"", ""timeframe"": ""5m"", ""closeTime"": 1775119800, ""ema20"": 71.41089404395329, ""ema50"": 71.47693899090821, ""rsi20"": 49.752110824064324}]"
Research,11,-1,1775241600,1775241900,1775241900,1775241900,72.835,72.85,72.80499999999999,72.865,26.5741086053452,9.677626001351587,2.733147070059769,-2.7331470700597835,1.9359238118993976,0.0,-0.2824191666094628,stop,"[{""stage"": ""direction"", ""timeframe"": ""1h"", ""closeTime"": 1775239200, ""ema20"": 72.85524192829715, ""ema50"": 72.90138717354809, ""rsi20"": null}, {""stage"": ""setup"", ""timeframe"": ""15m"", ""closeTime"": 1775241900, ""ema20"": 72.8668564925578, ""ema50"": 72.87739282302482, ""rsi20"": 43.1984851845326}, {""stage"": ""entry"", ""timeframe"": ""5m"", ""closeTime"": 1775241900, ""ema20"": 72.85313228667177, ""ema50"": 72.86191576974407, ""rsi20"": 46.66875267029103}]"
Research,12,-1,1775245800,1775246100,1775246100,1775246100,72.835,72.86,72.78499999999998,72.875,26.536583417316645,9.663960266001288,2.9947861215614204,-2.994786121561436,1.9333227848686043,0.0,-0.3098922221459635,stop,"[{""stage"": ""direction"", ""timeframe"": ""1h"", ""closeTime"": 1775242800, ""ema20"": 72.85474269703076, ""ema50"": 72.89937199027169, ""rsi20"": null}, {""stage"": ""setup"", ""timeframe"": ""15m"", ""closeTime"": 1775245500, ""ema20"": 72.86224785437459, ""ema50"": 72.87373428277539, ""rsi20"": 45.921517171689494}, {""stage"": ""entry"", ""timeframe"": ""5m"", ""closeTime"": 1775246100, ""ema20"": 72.85241280184579, ""ema50"": 72.85754466807693, ""rsi20"": 46.850312707731156}]"
Research,13,1,1775298000,1775298300,1775298300,1775309400,73.025,72.99,73.09500000000003,72.975,26.4265288199753,9.648986335393483,3.250463044857247,-3.2504630448572627,1.929136603858197,0.0,-0.33687093461146556,stop,"[{""stage"": ""direction"", ""timeframe"": ""1h"", ""closeTime"": 1775296800, ""ema20"": 72.94167505794374, ""ema50"": 72.92429007786072, ""rsi20"": null}, {""stage"": ""setup"", ""timeframe"": ""15m"", ""closeTime"": 1775297700, ""ema20"": 72.99208641045617, ""ema50"": 72.96357661093903, ""rsi20"": 56.87726157957549}, {""stage"": ""entry"", ""timeframe"": ""5m"", ""closeTime"": 1775298300, ""ema20"": 72.99480485030274, ""ema50"": 72.99462438151626, ""rsi20"": 55.314745279642246}]"
Research,14,-1,1775397900,1775398200,1775398200,1775398200,72.465,72.49,72.41500000000002,72.505,26.585893935470075,9.632734020169195,2.990514279331125,-2.99051427933114,1.9270785219125486,0.0,-0.3104533222934991,stop,"[{""stage"": ""direction"", ""timeframe"": ""1h"", ""closeTime"": 1775397600, ""ema20"": 72.77886311487704, ""ema50"": 72.86655820889132, ""rsi20"": null}, {""stage"": ""setup"", ""timeframe"": ""15m"", ""closeTime"": 1775397600, ""ema20"": 72.54944792549614, ""ema50"": 72.71743673554778, ""rsi20"": 29.50344959864549}, {""stage"": ""entry"", ""timeframe"": ""5m"", ""closeTime"": 1775398200, ""ema20"": 72.4244174283721, ""ema50"": 72.51754775827233, ""rsi20"": 48.839957853408656}]"
Research,15,-1,1775409600,1775409900,1775409900,1775412300,72.515,72.57,72.40500000000002,72.585,26.52632268847146,9.61778144877254,3.781327299241411,-3.7813272992414255,1.9244847110486043,0.0,-0.39316003585463194,stop,"[{""stage"": ""direction"", ""timeframe"": ""1h"", ""closeTime"": 1775408400, ""ema20"": 72.75302905787082, ""ema50"": 72.84565428619351, ""rsi20"": null}, {""stage"": ""setup"", ""timeframe"": ""15m"", ""closeTime"": 1775409300, ""ema20"": 72.62375367531055, ""ema50"": 72.69291054668899, ""rsi20"": 43.528891145756866}, {""stage"": ""entry"", ""timeframe"": ""5m"", ""closeTime"": 1775409900, ""ema20"": 72.611092178909, ""ema50"": 72.61382339037638, ""rsi20"": 39.39734235065092}]"
Research,16,-1,1775435100,1775435400,1775435400,1775435400,71.915,72.14,71.46500000000002,72.155,26.695056142046393,9.598874812276334,8.329791843283296,-8.32979184328331,1.9229783691923121,0.0,-0.8677883612598063,stop,"[{""stage"": ""direction"", ""timeframe"": ""1h"", ""closeTime"": 1775433600, ""ema20"": 72.46775253403634, ""ema50"": 72.69212555920983, ""rsi20"": null}, {""stage"": ""setup"", ""timeframe"": ""15m"", ""closeTime"": 1775435400, ""ema20"": 72.08181024468283, ""ema50"": 72.30753094170224, ""rsi20"": 44.68755448654047}, {""stage"": ""entry"", ""timeframe"": ""5m"", ""closeTime"": 1775435400, ""ema20"": 72.01974028912608, ""ema50"": 72.0682005179969, ""rsi20"": 47.616376441837}]"
Research,17,-1,1775446200,1775446500,1775446500,1775447100,71.905,72.04,71.63499999999999,72.055,26.582924283596178,9.557225853059917,5.9008775324728155,-5.900877532472831,1.913438889933253,0.0,-0.6174257701133598,stop,"[{""stage"": ""direction"", ""timeframe"": ""1h"", ""closeTime"": 1775444400, ""ema20"": 72.4115532481325, ""ema50"": 72.64193530328062, ""rsi20"": null}, {""stage"": ""setup"", ""timeframe"": ""15m"", ""closeTime"": 1775446200, ""ema20"": 72.2458401222026, ""ema50"": 72.3143811200695, ""rsi20"": 46.33011245996567}, {""stage"": ""entry"", ""timeframe"": ""5m"", ""closeTime"": 1775446500, ""ema20"": 72.22729067657131, ""ema50"": 72.23600784601278, ""rsi20"": 43.332781189799206}]"
Research,18,1,1775521200,1775521500,1775521500,1775523000,73.075,72.91,73.40500000000002,72.895,26.076555498864323,9.527721465397553,6.596977392880353,-6.596977392880368,1.9031974030846126,0.0,-0.6923982210058345,stop,"[{""stage"": ""direction"", ""timeframe"": ""1h"", ""closeTime"": 1775520000, ""ema20"": 72.82558715718636, ""ema50"": 72.76332093661688, ""rsi20"": null}, {""stage"": ""setup"", ""timeframe"": ""15m"", ""closeTime"": 1775520900, ""ema20"": 72.95010309631878, ""ema50"": 72.89146632513128, ""rsi20"": 52.07487225825673}, {""stage"": ""entry"", ""timeframe"": ""5m"", ""closeTime"": 1775521500, ""ema20"": 72.95921494230672, ""ema50"": 72.95840952117176, ""rsi20"": 54.39724159662316}]"
Research,19,-1,1775545800,1775546100,1775546100,1775546700,72.475,72.62,72.18499999999997,72.19999999999997,26.201411737656162,9.494736578433152,6.093269306650898,5.310043606283264,1.8953446215727023,0.0,0.5592618144188201,target,"[{""stage"": ""direction"", ""timeframe"": ""1h"", ""closeTime"": 1775545200, ""ema20"": 72.69760686155529, ""ema50"": 72.71682621246464, ""rsi20"": null}, {""stage"": ""setup"", ""timeframe"": ""15m"", ""closeTime"": 1775546100, ""ema20"": 72.5204904066489, ""ema50"": 72.64302199204545, ""rsi20"": 48.3249453009525}, {""stage"": ""entry"", ""timeframe"": ""5m"", ""closeTime"": 1775546100, ""ema20"": 72.44596148647452, ""ema50"": 72.5181983686273, ""rsi20"": 49.90190048087531}]"
Research,20,1,1775631900,1775632200,1775632200,1775633400,77.075,76.99,77.24500000000002,76.975,24.706550234095534,9.521286796464567,4.373677055190959,-4.3736770551909725,1.9030220317812085,0.0,-0.4593577684074175,stop,"[{""stage"": ""direction"", ""timeframe"": ""1h"", ""closeTime"": 1775631600, ""ema20"": 74.95831881559258, ""ema50"": 73.75568569409813, ""rsi20"": null}, {""stage"": ""setup"", ""timeframe"": ""15m"", ""closeTime"": 1775631600, ""ema20"": 76.78971456372493, ""ema50"": 75.63476942674474, ""rsi20"": 68.2915772401087}, {""stage"": ""entry"", ""timeframe"": ""5m"", ""closeTime"": 1775632200, ""ema20"": 77.20829423556205, ""ema50"": 76.901075381655, ""rsi20"": 51.33037600180742}]"
Research,21,1,1775634000,1775634300,1775634300,1775635200,77.035,76.98,77.14499999999998,76.965,24.662603780589635,9.499418411188612,3.625402755746494,-3.815280142253268,1.8990204911054018,0.1898773865067596,-0.40163302395013484,stop,"[{""stage"": ""direction"", ""timeframe"": ""1h"", ""closeTime"": 1775631600, ""ema20"": 74.95831881559258, ""ema50"": 73.75568569409813, ""rsi20"": null}, {""stage"": ""setup"", ""timeframe"": ""15m"", ""closeTime"": 1775634300, ""ema20"": 76.85376008990274, ""ema50"": 75.79331485090269, ""rsi20"": 64.48631329515561}, {""stage"": ""entry"", ""timeframe"": ""5m"", ""closeTime"": 1775634300, ""ema20"": 77.12417270243768, ""ema50"": 76.93576802414442, ""rsi20"": 50.11645155251673}]"
Research,22,1,1775738400,1775738700,1775738700,1775738700,74.355,74.23,74.605,74.215,25.500213867197484,9.480342010477345,5.464313328532413,-5.464313328532428,1.8942833871247653,0.0,-0.5763835653284932,stop,"[{""stage"": ""direction"", ""timeframe"": ""1h"", ""closeTime"": 1775736000, ""ema20"": 74.37668142677694, ""ema50"": 74.3571477621518, ""rsi20"": null}, {""stage"": ""setup"", ""timeframe"": ""15m"", ""closeTime"": 1775738700, ""ema20"": 74.2291184180516, ""ema50"": 74.21650264389392, ""rsi20"": 53.421848544016484}, {""stage"": ""entry"", ""timeframe"": ""5m"", ""closeTime"": 1775738700, ""ema20"": 74.34798010659004, ""ema50"": 74.25028555899615, ""rsi20"": 53.01762873194318}]"
Research,23,1,1775739000,1775739300,1775739300,1775739900,74.345,74.25,74.535,74.52,25.43014444504589,9.453020443834683,4.686521319777477,2.5574460514770805,1.8928292264058784,0.0,0.27054273992870315,target,"[{""stage"": ""direction"", ""timeframe"": ""1h"", ""closeTime"": 1775736000, ""ema20"": 74.37668142677694, ""ema50"": 74.3571477621518, ""rsi20"": null}, {""stage"": ""setup"", ""timeframe"": ""15m"", ""closeTime"": 1775738700, ""ema20"": 74.2291184180516, ""ema50"": 74.21650264389392, ""rsi20"": 53.421848544016484}, {""stage"": ""entry"", ""timeframe"": ""5m"", ""closeTime"": 1775739300, ""ema20"": 74.34041001922677, ""ema50"": 74.25453119075347, ""rsi20"": 52.02583456683318}]"
Research,24,1,1775784300,1775784600,1775784600,1775784900,75.625,75.52,75.83500000000001,75.82000000000001,25.033540956276546,9.46580767409207,4.895684437114323,2.985938181412461,1.8956023050616508,0.0,0.3154446280991931,target,"[{""stage"": ""direction"", ""timeframe"": ""1h"", ""closeTime"": 1775782800, ""ema20"": 75.22500904028826, ""ema50"": 74.83077290546186, ""rsi20"": null}, {""stage"": ""setup"", ""timeframe"": ""15m"", ""closeTime"": 1775784600, ""ema20"": 75.44859361579792, ""ema50"": 75.34965471818155, ""rsi20"": 53.64129720689329}, {""stage"": ""entry"", ""timeframe"": ""5m"", ""closeTime"": 1775784600, ""ema20"": 75.4477946671449, ""ema50"": 75.44030426044165, ""rsi20"": 56.368539930275084}]"
Research,25,1,1775786700,1775787000,1775787000,1775787000,75.535,75.32,75.965,75.30499999999999,25.102898960744376,9.480737364999133,7.666927400590633,-7.666927400590648,1.8932606396193408,0.0,-0.8086847156947217,stop,"[{""stage"": ""direction"", ""timeframe"": ""1h"", ""closeTime"": 1775786400, ""ema20"": 75.25500817930842, ""ema50"": 74.85858573269864, ""rsi20"": null}, {""stage"": ""setup"", ""timeframe"": ""15m"", ""closeTime"": 1775786400, ""ema20"": 75.48844057891847, ""ema50"": 75.37446404396536, ""rsi20"": 51.783647663208335}, {""stage"": ""entry"", ""timeframe"": ""5m"", ""closeTime"": 1775787000, ""ema20"": 75.54006512086553, ""ema50"": 75.49391070334192, ""rsi20"": 50.10125161660304}]"
Research,26,1,1775940000,1775940300,1775940300,1775941200,75.965,75.93,76.035,75.915,24.85987685906978,9.442402727996178,3.130852891631163,-3.1308528916311773,1.887859048677759,0.0,-0.33157375106956405,stop,"[{""stage"": ""direction"", ""timeframe"": ""1h"", ""closeTime"": 1775937600, ""ema20"": 75.91344662061402, ""ema50"": 75.71547728457935, ""rsi20"": null}, {""stage"": ""setup"", ""timeframe"": ""15m"", ""closeTime"": 1775940300, ""ema20"": 75.93295483303883, ""ema50"": 75.92056675464968, ""rsi20"": 54.83410347583976}, {""stage"": ""entry"", ""timeframe"": ""5m"", ""closeTime"": 1775940300, ""ema20"": 75.95036764104563, ""ema50"": 75.93411206398656, ""rsi20"": 52.620113743176454}]"
Research,27,-1,1776009300,1776009600,1776009600,1776009600,75.095,75.13,75.025,75.04,25.106194722785865,9.426748463538024,3.141287083714882,-0.5038185625996909,1.884659272352728,0.0,-0.05344563552835046,target,"[{""stage"": ""direction"", ""timeframe"": ""1h"", ""closeTime"": 1776009600, ""ema20"": 75.51207293559271, ""ema50"": 75.61554347717654, ""rsi20"": null}, {""stage"": ""setup"", ""timeframe"": ""15m"", ""closeTime"": 1776009600, ""ema20"": 75.19965262742325, ""ema50"": 75.40623620719181, ""rsi20"": 38.2812558964198}, {""stage"": ""entry"", ""timeframe"": ""5m"", ""closeTime"": 1776009600, ""ema20"": 75.06418687526107, ""ema50"": 75.169457811964, ""rsi20"": 49.302536281167924}]"
Research,28,-1,1776023700,1776024000,1776024000,1776024000,74.885,74.95,74.75500000000001,74.77000000000001,25.169872125859715,9.424229370725024,3.89944243909876,1.0111366879759704,1.8833986064977681,0.0,0.10729117980902683,target,"[{""stage"": ""direction"", ""timeframe"": ""1h"", ""closeTime"": 1776024000, ""ema20"": 75.30469525063826, ""ema50"": 75.50763379133464, ""rsi20"": null}, {""stage"": ""setup"", ""timeframe"": ""15m"", ""closeTime"": 1776024000, ""ema20"": 74.96012540750583, ""ema50"": 75.16927510757321, ""rsi20"": 39.212118081588756}, {""stage"": ""entry"", ""timeframe"": ""5m"", ""closeTime"": 1776024000, ""ema20"": 74.90974058743201, ""ema50"": 74.9442645686957, ""rsi20"": 48.32275708632375}]"
Research,29,-1,1776038400,1776038700,1776038700,1776038700,73.755,73.85,73.565,73.865,25.569209014073365,9.429285054164906,4.699876308876796,-4.699876308876811,1.887263317328755,0.0,-0.4984340044742714,stop,"[{""stage"": ""direction"", ""timeframe"": ""1h"", ""closeTime"": 1776038400, ""ema20"": 74.88846195648125, ""ema50"": 75.29453329885095, ""rsi20"": null}, {""stage"": ""setup"", ""timeframe"": ""15m"", ""closeTime"": 1776038400, ""ema20"": 74.00263516192749, ""ema50"": 74.557723883406, ""rsi20"": 39.115415144746976}, {""stage"": ""entry"", ""timeframe"": ""5m"", ""closeTime"": 1776038700, ""ema20"": 73.57725083589428, ""ema50"": 73.90065006435137, ""rsi20"": 49.731275263421644}]"
Research,30,-1,1776039600,1776039900,1776039900,1776039900,73.775,73.86,73.60500000000002,73.875,25.49857179971676,9.405785672620521,4.432289243085606,-4.432289243085622,1.88243206311409,0.0,-0.4712300914943933,stop,"[{""stage"": ""direction"", ""timeframe"": ""1h"", ""closeTime"": 1776038400, ""ema20"": 74.88846195648125, ""ema50"": 75.29453329885095, ""rsi20"": null}, {""stage"": ""setup"", ""timeframe"": ""15m"", ""closeTime"": 1776039300, ""ema20"": 73.99857467031535, ""ema50"": 74.53428373111556, ""rsi20"": 42.45185963866442}, {""stage"": ""entry"", ""timeframe"": ""5m"", ""closeTime"": 1776039900, ""ema20"": 73.66719559332057, ""ema50"": 73.8936010255457, ""rsi20"": 49.89547143872395}]"
Research,31,1,1776125700,1776126000,1776126000,1776126300,75.765,75.66,75.97500000000001,75.96000000000001,24.77034046434394,9.383624226405093,4.847679480574529,2.9510764370709586,1.879139953476292,0.0,0.3144921797664023,target,"[{""stage"": ""direction"", ""timeframe"": ""1h"", ""closeTime"": 1776124800, ""ema20"": 75.07809935745551, ""ema50"": 75.0512689558028, ""rsi20"": null}, {""stage"": ""setup"", ""timeframe"": ""15m"", ""closeTime"": 1776125700, ""ema20"": 75.61262470010223, ""ema50"": 75.23287494810741, ""rsi20"": 57.72475206708056}, {""stage"": ""entry"", ""timeframe"": ""5m"", ""closeTime"": 1776126000, ""ema20"": 75.73983395221967, ""ema50"": 75.65186463767024, ""rsi20"": 52.63159663421232}]"
Research,32,1,1776132300,1776132600,1776132600,1776134400,76.025,75.86,76.35500000000002,76.34000000000002,24.72444487626556,9.398379608590448,6.327850799407181,5.904630114237846,1.8835700217861016,0.0,0.6282604406445561,target,"[{""stage"": ""direction"", ""timeframe"": ""1h"", ""closeTime"": 1776132000, ""ema20"": 75.23019017696471, ""ema50"": 75.11796107761727, ""rsi20"": null}, {""stage"": ""setup"", ""timeframe"": ""15m"", ""closeTime"": 1776132000, ""ema20"": 75.83071724230949, ""ema50"": 75.43130251825232, ""rsi20"": 55.82587758917396}, {""stage"": ""entry"", ""timeframe"": ""5m"", ""closeTime"": 1776132600, ""ema20"": 75.97316994140486, ""ema50"": 75.86255977975112, ""rsi20"": 53.60962354408004}]"
Research,33,1,1776212400,1776212700,1776212700,1776212700,79.555,79.47,79.72500000000002,79.455,23.701597031391206,9.427902759161638,4.254555175120067,-4.25455517512008,1.884395471980758,0.0,-0.45127270441834827,stop,"[{""stage"": ""direction"", ""timeframe"": ""1h"", ""closeTime"": 1776211200, ""ema20"": 78.45253250868625, ""ema50"": 77.12413728631802, ""rsi20"": null}, {""stage"": ""setup"", ""timeframe"": ""15m"", ""closeTime"": 1776212100, ""ema20"": 79.42773342120985, ""ema50"": 78.97990091130497, ""rsi20"": 55.07271938675226}, {""stage"": ""entry"", ""timeframe"": ""5m"", ""closeTime"": 1776212700, ""ema20"": 79.49615072633239, ""ema50"": 79.46826033046557, ""rsi20"": 51.89667264882691}]"
Research,34,1,1776213900,1776214200,1776214200,1776214200,79.545,79.48,79.675,79.465,23.651090535636527,9.406629983286038,3.7724671958866507,-3.772467195886664,1.8803799530357823,0.0,-0.40104343453390734,stop,"[{""stage"": ""direction"", ""timeframe"": ""1h"", ""closeTime"": 1776211200, ""ema20"": 78.45253250868625, ""ema50"": 77.12413728631802, ""rsi20"": null}, {""stage"": ""setup"", ""timeframe"": ""15m"", ""closeTime"": 1776213900, ""ema20"": 79.44496998879083, ""ema50"": 79.02174628529151, ""rsi20"": 55.82567814273362}, {""stage"": ""entry"", ""timeframe"": ""5m"", ""closeTime"": 1776214200, ""ema20"": 79.50123837714123, ""ema50"": 79.47596558805223, ""rsi20"": 51.29560589560616}]"
Research,35,1,1776319200,1776319500,1776319500,1776320400,80.485,80.38,80.69500000000001,80.365,23.327993159735612,9.387767647306603,4.675513029040102,-4.675513029040117,1.8761538498717365,0.0,-0.49804311362366793,stop,"[{""stage"": ""direction"", ""timeframe"": ""1h"", ""closeTime"": 1776319200, ""ema20"": 79.73404906274492, ""ema50"": 78.88530540870971, ""rsi20"": null}, {""stage"": ""setup"", ""timeframe"": ""15m"", ""closeTime"": 1776319200, ""ema20"": 80.3067752750351, ""ema50"": 79.94273100514853, ""rsi20"": 57.450699987533795}, {""stage"": ""entry"", ""timeframe"": ""5m"", ""closeTime"": 1776319500, ""ema20"": 80.48652175242026, ""ema50"": 80.36971628840952, ""rsi20"": 51.917734777742574}]"
Research,36,1,1776321900,1776322200,1776322200,1776322800,80.485,80.29,80.87499999999999,80.275,23.26990142799628,9.364390082161403,6.757113976661402,-6.757113976661415,1.8704346767823412,0.0,-0.7215754488413836,stop,"[{""stage"": ""direction"", ""timeframe"": ""1h"", ""closeTime"": 1776319200, ""ema20"": 79.73404906274492, ""ema50"": 78.88530540870971, ""rsi20"": null}, {""stage"": ""setup"", ""timeframe"": ""15m"", ""closeTime"": 1776321900, ""ema20"": 80.32155400188594, ""ema50"": 79.9907675028814, ""rsi20"": 54.74084932570799}, {""stage"": ""entry"", ""timeframe"": ""5m"", ""closeTime"": 1776322200, ""ema20"": 80.41547025289424, ""ema50"": 80.37105431744101, ""rsi20"": 52.561943635923804}]"
Research,37,-1,1776394500,1776394800,1776394800,1776394800,78.375,78.47,78.185,78.485,23.81015505525511,9.330604512278097,4.486547517061694,-4.486547517061707,1.8674304609836583,0.0,-0.48084210526315646,stop,"[{""stage"": ""direction"", ""timeframe"": ""1h"", ""closeTime"": 1776394800, ""ema20"": 78.87672230857041, ""ema50"": 78.88946141446108, ""rsi20"": null}, {""stage"": ""setup"", ""timeframe"": ""15m"", ""closeTime"": 1776394800, ""ema20"": 78.49243610608612, ""ema50"": 78.6912214824335, ""rsi20"": 45.21793192210821}, {""stage"": ""entry"", ""timeframe"": ""5m"", ""closeTime"": 1776394800, ""ema20"": 78.42177725939709, ""ema50"": 78.49006864685198, ""rsi20"": 46.974519229786196}]"
Research,38,1,1776404100,1776404400,1776404400,1776405300,79.035,78.94,79.225,78.925,23.554556271760074,9.308171774692788,4.451340044237192,-4.451340044237205,1.8603388543436106,0.0,-0.47821851078635896,stop,"[{""stage"": ""direction"", ""timeframe"": ""1h"", ""closeTime"": 1776402000, ""ema20"": 78.90475454284335, ""ema50"": 78.90007568478318, ""rsi20"": null}, {""stage"": ""setup"", ""timeframe"": ""15m"", ""closeTime"": 1776403800, ""ema20"": 78.85314045210401, ""ema50"": 78.80986274653758, ""rsi20"": 56.077531988665676}, {""stage"": ""entry"", ""timeframe"": ""5m"", ""closeTime"": 1776404400, ""ema20"": 79.04652510646572, ""ema50"": 78.897667902897, ""rsi20"": 52.983398872451566}]"
Research,39,-1,1776626400,1776626700,1776626700,1776626700,79.865,79.99,79.615,80.005,23.25402885988005,9.285915074471601,5.11437483729772,-5.114374837297732,1.8588107969145118,0.0,-0.5507669191761111,stop,"[{""stage"": ""direction"", ""timeframe"": ""1h"", ""closeTime"": 1776625200, ""ema20"": 80.4569591652119, ""ema50"": 80.47900246539356, ""rsi20"": null}, {""stage"": ""setup"", ""timeframe"": ""15m"", ""closeTime"": 1776626100, ""ema20"": 80.04600476626895, ""ema50"": 80.3415688660373, ""rsi20"": 39.499887977370534}, {""stage"": ""entry"", ""timeframe"": ""5m"", ""closeTime"": 1776626700, ""ema20"": 79.77330231868478, ""ema50"": 79.97707759548604, ""rsi20"": 49.12297984268542}]"
Research,40,-1,1776628800,1776629100,1776629100,1776642900,79.355,80.16,77.74500000000002,79.065,10.29195756701493,9.260343200285112,9.260343200285112,2.1694417355511413,0.8152259588832527,0.0,0.2342722822070296,session_end,"[{""stage"": ""direction"", ""timeframe"": ""1h"", ""closeTime"": 1776628800, ""ema20"": 80.42772495900124, ""ema50"": 80.46610040792714, ""rsi20"": null}, {""stage"": ""setup"", ""timeframe"": ""15m"", ""closeTime"": 1776628800, ""ema20"": 80.05266674137121, ""ema50"": 80.31070580335182, ""rsi20"": 47.19326043584763}, {""stage"": ""entry"", ""timeframe"": ""5m"", ""closeTime"": 1776629100, ""ema20"": 79.86226956370524, ""ema50"": 79.96982976921119, ""rsi20"": 33.32009025465368}]"
Research,41,-1,1776669900,1776670200,1776670200,1776671400,79.825,80.06,79.355,79.37,23.228788998341038,9.271190408962868,7.6643389300026135,8.720145461949683,1.848953532295451,0.0,0.9405637331662969,target,"[{""stage"": ""direction"", ""timeframe"": ""1h"", ""closeTime"": 1776668400, ""ema20"": 79.99883992907581, ""ema50"": 80.20727573553367, ""rsi20"": null}, {""stage"": ""setup"", ""timeframe"": ""15m"", ""closeTime"": 1776670200, ""ema20"": 79.84441420509853, ""ema50"": 79.88679101021239, ""rsi20"": 49.55927226095711}, {""stage"": ""entry"", ""timeframe"": ""5m"", ""closeTime"": 1776670200, ""ema20"": 79.83457086798165, ""ema50"": 79.86167224920449, ""rsi20"": 49.6513856096527}]"
Research,42,-1,1776680400,1776680700,1776680700,1776682800,79.435,79.59,79.125,79.14,23.452611912312243,9.314791136272616,5.851895724360178,5.059021547134694,1.859498966997457,0.0,0.5431170139107488,target,"[{""stage"": ""direction"", ""timeframe"": ""1h"", ""closeTime"": 1776679200, ""ema20"": 79.84106933090713, ""ema50"": 80.11532731008285, ""rsi20"": null}, {""stage"": ""setup"", ""timeframe"": ""15m"", ""closeTime"": 1776680100, ""ema20"": 79.56478325113311, ""ema50"": 79.72408409750676, ""rsi20"": 47.444777977054066}, {""stage"": ""entry"", ""timeframe"": ""5m"", ""closeTime"": 1776680700, ""ema20"": 79.44178815006792, ""ema50"": 79.52857468495189, ""rsi20"": 48.894064506475566}]"
Research,43,-1,1776748200,1776748500,1776748500,1776748500,79.065,79.08,79.035,79.095,23.626348558801716,9.340086244008289,2.5771621007941046,-2.5771621007941183,1.8683716440300397,0.0,-0.2759248719408111,stop,"[{""stage"": ""direction"", ""timeframe"": ""1h"", ""closeTime"": 1776747600, ""ema20"": 79.59795560034638, ""ema50"": 79.85532016663228, ""rsi20"": null}, {""stage"": ""setup"", ""timeframe"": ""15m"", ""closeTime"": 1776748500, ""ema20"": 79.22143155035604, ""ema50"": 79.49585912924428, ""rsi20"": 40.52723187852822}, {""stage"": ""entry"", ""timeframe"": ""5m"", ""closeTime"": 1776748500, ""ema20"": 78.96921239717258, ""ema50"": 79.15327635947025, ""rsi20"": 49.472329686556094}]"
Research,44,-1,1776750600,1776750900,1776750900,1776751200,79.005,79.12,78.77499999999998,78.78999999999998,23.61167124486885,9.327200433504318,4.936492107164946,3.2136074856051793,1.86290183204204,0.0,0.34454148471620183,target,"[{""stage"": ""direction"", ""timeframe"": ""1h"", ""closeTime"": 1776747600, ""ema20"": 79.59795560034638, ""ema50"": 79.85532016663228, ""rsi20"": null}, {""stage"": ""setup"", ""timeframe"": ""15m"", ""closeTime"": 1776750300, ""ema20"": 79.21758909224157, ""ema50"": 79.47288649339313, ""rsi20"": 47.22738513506728}, {""stage"": ""entry"", ""timeframe"": ""5m"", ""closeTime"": 1776750900, ""ema20"": 79.06450825682987, ""ema50"": 79.15041058246881, ""rsi20"": 45.6381472631654}]"
Research,45,-1,1776878700,1776879000,1776879000,1776883500,77.875,77.99,77.64500000000001,78.005,23.995553055363967,9.343268470932344,4.989635302332261,-4.989635302332275,1.8702134051350676,0.0,-0.5340353130015936,stop,"[{""stage"": ""direction"", ""timeframe"": ""1h"", ""closeTime"": 1776877200, ""ema20"": 77.91710903270366, ""ema50"": 78.3205422107127, ""rsi20"": null}, {""stage"": ""setup"", ""timeframe"": ""15m"", ""closeTime"": 1776879000, ""ema20"": 77.91555821367984, ""ema50"": 77.94174609378341, ""rsi20"": 48.79725955304597}, {""stage"": ""entry"", ""timeframe"": ""5m"", ""closeTime"": 1776879000, ""ema20"": 77.8760182049714, ""ema50"": 77.91225109691321, ""rsi20"": 49.70784024295112}]"
Research,46,-1,1776884400,1776884700,1776884700,1776894300,77.795,77.91,77.56500000000001,77.925,23.95609047990406,9.318320294420683,4.979512967152735,-4.979512967152749,1.86522120476533,0.0,-0.5343788161192761,stop,"[{""stage"": ""direction"", ""timeframe"": ""1h"", ""closeTime"": 1776884400, ""ema20"": 77.91581941225856, ""ema50"": 78.2889741822073, ""rsi20"": null}, {""stage"": ""setup"", ""timeframe"": ""15m"", ""closeTime"": 1776884400, ""ema20"": 77.89753277065375, ""ema50"": 77.92775428959443, ""rsi20"": 49.55700638593298}, {""stage"": ""entry"", ""timeframe"": ""5m"", ""closeTime"": 1776884700, ""ema20"": 77.87565270977124, ""ema50"": 77.89348695453793, ""rsi20"": 45.97675851645422}]"
Research,47,-1,1776909000,1776909300,1776909300,1776912300,77.105,77.64,76.03500000000001,76.05000000000001,14.813068203616577,9.293422729584918,9.293422729584918,14.493439224452931,1.1343477303624487,0.0,1.5595372820300262,target,"[{""stage"": ""direction"", ""timeframe"": ""1h"", ""closeTime"": 1776906000, ""ema20"": 77.84869415776197, ""ema50"": 78.1759563682045, ""rsi20"": null}, {""stage"": ""setup"", ""timeframe"": ""15m"", ""closeTime"": 1776908700, ""ema20"": 77.69824348506023, ""ema50"": 77.76272731890644, ""rsi20"": 49.430487718380064}, {""stage"": ""entry"", ""timeframe"": ""5m"", ""closeTime"": 1776909300, ""ema20"": 77.68156480360064, ""ema50"": 77.68853906338546, ""rsi20"": 37.68875351545918}]"
Research,48,-1,1776927300,1776927600,1776927600,1776928800,76.195,76.32,75.945,75.96,24.584001379899423,9.365889925707183,5.316659058423948,3.906950959297052,1.8702893649792984,0.0,0.4171467944090805,target,"[{""stage"": ""direction"", ""timeframe"": ""1h"", ""closeTime"": 1776927600, ""ema20"": 77.14618338133147, ""ema50"": 77.77679340832368, ""rsi20"": null}, {""stage"": ""setup"", ""timeframe"": ""15m"", ""closeTime"": 1776927600, ""ema20"": 76.38034700684592, ""ema50"": 76.88925176102417, ""rsi20"": 42.23202746577728}, {""stage"": ""entry"", ""timeframe"": ""5m"", ""closeTime"": 1776927600, ""ema20"": 76.1772583001898, ""ema50"": 76.32363024695778, ""rsi20"": 48.4084970340648}]"
Research,49,-1,1776988800,1776989100,1776989100,1776990300,75.485,75.77,74.915,75.785,24.866992595889695,9.385424680503668,9.340912763756942,-9.340912763756954,1.880814984990117,0.0,-0.995257335894541,stop,"[{""stage"": ""direction"", ""timeframe"": ""1h"", ""closeTime"": 1776988800, ""ema20"": 75.99435984414448, ""ema50"": 76.78546328367834, ""rsi20"": null}, {""stage"": ""setup"", ""timeframe"": ""15m"", ""closeTime"": 1776988800, ""ema20"": 75.60288655080697, ""ema50"": 75.77354300124541, ""rsi20"": 47.70838404898769}, {""stage"": ""entry"", ""timeframe"": ""5m"", ""closeTime"": 1776989100, ""ema20"": 75.5436321217422, ""ema50"": 75.57369645792534, ""rsi20"": 46.979507062350095}]"
Research,50,-1,1776994200,1776994500,1776994500,1776995700,75.235,75.57,74.56500000000001,75.585,21.952281602889023,9.338720116684883,9.338720116684883,-9.338720116684895,1.6554215556738612,0.0,-1.0000000000000013,stop,"[{""stage"": ""direction"", ""timeframe"": ""1h"", ""closeTime"": 1776992400, ""ema20"": 75.97680176374978, ""ema50"": 76.7472098215733, ""rsi20"": null}, {""stage"": ""setup"", ""timeframe"": ""15m"", ""closeTime"": 1776994200, ""ema20"": 75.64909529633229, ""ema50"": 75.76048538168378, ""rsi20"": 45.53267869470667}, {""stage"": ""entry"", ""timeframe"": ""5m"", ""closeTime"": 1776994500, ""ema20"": 75.6027673202819, ""ema50"": 75.60963078366345, ""rsi20"": 40.96267963790159}]"
Research,51,-1,1777094100,1777094400,1777094400,1777094400,75.775,75.79,75.745,75.805,24.52530918139613,9.29202651610146,2.5945324582999105,-2.5945324582999243,1.8587731828580125,0.0,-0.2792213790828139,stop,"[{""stage"": ""direction"", ""timeframe"": ""1h"", ""closeTime"": 1777093200, ""ema20"": 75.80369102549065, ""ema50"": 76.03857073987766, ""rsi20"": null}, {""stage"": ""setup"", ""timeframe"": ""15m"", ""closeTime"": 1777094100, ""ema20"": 75.8150358902814, ""ema50"": 75.82325914790638, ""rsi20"": 46.9821773133622}, {""stage"": ""entry"", ""timeframe"": ""5m"", ""closeTime"": 1777094400, ""ema20"": 75.81362780593484, ""ema50"": 75.81392983412856, ""rsi20"": 41.68300024051602}]"
Research,52,-1,1777099800,1777100100,1777100100,1777103100,75.775,75.81,75.70500000000001,75.825,24.49106922813582,9.27905385380996,3.0809765088994023,-3.080976508899417,1.8564230474926955,0.0,-0.3320356318046774,stop,"[{""stage"": ""direction"", ""timeframe"": ""1h"", ""closeTime"": 1777096800, ""ema20"": 75.80333949925344, ""ema50"": 76.02921502458834, ""rsi20"": null}, {""stage"": ""setup"", ""timeframe"": ""15m"", ""closeTime"": 1777099500, ""ema20"": 75.8086227141473, ""ema50"": 75.81836680269828, ""rsi20"": 48.81102790110721}, {""stage"": ""entry"", ""timeframe"": ""5m"", ""closeTime"": 1777100100, ""ema20"": 75.80316051825879, ""ema50"": 75.80653264130966, ""rsi20"": 42.4900115814406}]"
Research,53,1,1777240200,1777240500,1777240500,1777240500,76.235,76.17,76.365,76.155,24.302876556084378,9.263648971265463,3.7959878036775443,-3.7959878036775576,1.851757679190849,0.0,-0.4097724142454208,stop,"[{""stage"": ""direction"", ""timeframe"": ""1h"", ""closeTime"": 1777237200, ""ema20"": 75.97394600642063, ""ema50"": 75.9339048787067, ""rsi20"": null}, {""stage"": ""setup"", ""timeframe"": ""15m"", ""closeTime"": 1777239900, ""ema20"": 76.17206261510852, ""ema50"": 76.04998972478629, ""rsi20"": 55.58746904027447}, {""stage"": ""entry"", ""timeframe"": ""5m"", ""closeTime"": 1777240500, ""ema20"": 76.23708608394678, ""ema50"": 76.186008783069, ""rsi20"": 50.146126277075645}]"
Research,54,-1,1777255200,1777255500,1777255500,1777257300,75.275,75.56,74.70500000000001,75.575,24.56238866090222,9.244669032247074,9.221334763019133,-9.221334763019145,1.85261816474855,0.0,-0.9974759216207162,stop,"[{""stage"": ""direction"", ""timeframe"": ""1h"", ""closeTime"": 1777255200, ""ema20"": 75.78454538527625, ""ema50"": 75.85527117148591, ""rsi20"": null}, {""stage"": ""setup"", ""timeframe"": ""15m"", ""closeTime"": 1777255200, ""ema20"": 75.48661875499751, ""ema50"": 75.68626313145622, ""rsi20"": 46.82832386352693}, {""stage"": ""entry"", ""timeframe"": ""5m"", ""closeTime"": 1777255500, ""ema20"": 75.43571568812209, ""ema50"": 75.453256524451, ""rsi20"": 46.27663940356965}]"
Research,55,-1,1777289700,1777290000,1777290000,1777291800,75.575,75.78,75.165,75.795,24.342870945238445,9.198562358431978,7.197821795442788,-7.197821795442802,1.8423901874903716,0.0,-0.782494211048624,stop,"[{""stage"": ""direction"", ""timeframe"": ""1h"", ""closeTime"": 1777287600, ""ema20"": 75.85316981458928, ""ema50"": 75.87644621453812, ""rsi20"": null}, {""stage"": ""setup"", ""timeframe"": ""15m"", ""closeTime"": 1777289400, ""ema20"": 75.78494942131746, ""ema50"": 75.80896579062481, ""rsi20"": 49.648374471803336}, {""stage"": ""entry"", ""timeframe"": ""5m"", ""closeTime"": 1777290000, ""ema20"": 75.76069761982258, ""ema50"": 75.7691191991165, ""rsi20"": 39.60949678788525}]"
Research,56,-1,1777365900,1777366200,1777366200,1777366200,73.445,73.59,73.15499999999997,73.605,24.950842806058315,9.162573249454764,5.826645566285023,-5.826645566285038,1.8345107173154376,0.0,-0.63591803390295,stop,"[{""stage"": ""direction"", ""timeframe"": ""1h"", ""closeTime"": 1777363200, ""ema20"": 74.80880695631797, ""ema50"": 75.32031304944661, ""rsi20"": null}, {""stage"": ""setup"", ""timeframe"": ""15m"", ""closeTime"": 1777365900, ""ema20"": 73.77580123210109, ""ema50"": 74.44911837195698, ""rsi20"": 40.10300954391822}, {""stage"": ""entry"", ""timeframe"": ""5m"", ""closeTime"": 1777366200, ""ema20"": 73.40521612566027, ""ema50"": 73.65205246014025, ""rsi20"": 48.05457516685665}]"
Research,57,-1,1777366800,1777367100,1777367100,1777374900,73.385,73.62,72.915,72.93,24.891844441298186,9.133440021623338,8.052760595204363,9.50476411107636,1.821025109714272,0.0,1.0406554472984895,target,"[{""stage"": ""direction"", ""timeframe"": ""1h"", ""closeTime"": 1777366800, ""ema20"": 74.69653962714483, ""ema50"": 75.25402626319381, ""rsi20"": null}, {""stage"": ""setup"", ""timeframe"": ""15m"", ""closeTime"": 1777366800, ""ema20"": 73.76191540047242, ""ema50"": 74.41699608286063, ""rsi20"": 40.80301145969969}, {""stage"": ""entry"", ""timeframe"": ""5m"", ""closeTime"": 1777367100, ""ema20"": 73.43476918323117, ""ema50"": 73.63731098810443, ""rsi20"": 46.98320221487243}]"
Research,58,-1,1777424700,1777425000,1777425000,1777425000,72.935,73.09,72.625,73.105,25.17574235189887,9.18096384217872,6.118208906358492,-6.118208906358506,1.8383327065356556,0.0,-0.6664015904572611,stop,"[{""stage"": ""direction"", ""timeframe"": ""1h"", ""closeTime"": 1777424400, ""ema20"": 73.51129683473222, ""ema50"": 74.277995475067, ""rsi20"": null}, {""stage"": ""setup"", ""timeframe"": ""15m"", ""closeTime"": 1777424400, ""ema20"": 73.27392793423961, ""ema50"": 73.31182672809446, ""rsi20"": 49.96624599135275}, {""stage"": ""entry"", ""timeframe"": ""5m"", ""closeTime"": 1777425000, ""ema20"": 73.25136645298461, ""ema50"": 73.25658586225934, ""rsi20"": 38.75902416068219}]"
Research,59,-1,1777425900,1777426200,1777426200,1777426200,73.075,73.33,72.56500000000001,73.345,25.04378459841786,9.150372797646927,8.59527731202288,-8.595277312022894,1.8334554704501718,0.0,-0.9393362983236291,stop,"[{""stage"": ""direction"", ""timeframe"": ""1h"", ""closeTime"": 1777424400, ""ema20"": 73.51129683473222, ""ema50"": 74.277995475067, ""rsi20"": null}, {""stage"": ""setup"", ""timeframe"": ""15m"", ""closeTime"": 1777426200, ""ema20"": 73.23366889854988, ""ema50"": 73.29175546872541, ""rsi20"": 46.35321969355682}, {""stage"": ""entry"", ""timeframe"": ""5m"", ""closeTime"": 1777426200, ""ema20"": 73.2182974558924, ""ema50"": 73.24068721909941, ""rsi20"": 45.34782646087324}]"
Research,60,1,1777577700,1777578000,1777578000,1777585200,73.725,73.61,73.95499999999998,73.93999999999998,24.706399216240932,9.107396411086814,5.031705264379502,3.4877406113584257,1.8241352201331085,0.0,0.3829569345540569,target,"[{""stage"": ""direction"", ""timeframe"": ""1h"", ""closeTime"": 1777575600, ""ema20"": 73.10696375090173, ""ema50"": 73.10552954310974, ""rsi20"": null}, {""stage"": ""setup"", ""timeframe"": ""15m"", ""closeTime"": 1777577400, ""ema20"": 73.5547644458492, ""ema50"": 73.33179256353111, ""rsi20"": 55.36747775031067}, {""stage"": ""entry"", ""timeframe"": ""5m"", ""closeTime"": 1777578000, ""ema20"": 73.6813872042903, ""ema50"": 73.58953113002697, ""rsi20"": 54.343732143103516}]"
Research,61,1,1777599300,1777599600,1777599600,1777599600,74.285,74.22,74.41499999999999,74.205,24.567099990963467,9.124835114143606,3.7893523381061045,-3.789352338106118,1.8239843388290824,0.0,-0.4152789930672364,stop,"[{""stage"": ""direction"", ""timeframe"": ""1h"", ""closeTime"": 1777597200, ""ema20"": 73.5354027077456, ""ema50"": 73.30335949704055, ""rsi20"": null}, {""stage"": ""setup"", ""timeframe"": ""15m"", ""closeTime"": 1777599000, ""ema20"": 74.12661252750316, ""ema50"": 73.8144659894699, ""rsi20"": 56.355447434849566}, {""stage"": ""entry"", ""timeframe"": ""5m"", ""closeTime"": 1777599600, ""ema20"": 74.26079116201063, ""ema50"": 74.18974406634521, ""rsi20"": 51.99881864345593}]"
Research,62,1,1777600500,1777600800,1777600800,1777601400,74.265,74.2,74.395,74.38,24.52269131475951,9.105888352453075,3.7820120680187297,0.9975217759560042,1.8225877252412137,0.0,0.10954689288357873,target,"[{""stage"": ""direction"", ""timeframe"": ""1h"", ""closeTime"": 1777600800, ""ema20"": 73.60345959272222, ""ema50"": 73.34048265401935, ""rsi20"": null}, {""stage"": ""setup"", ""timeframe"": ""15m"", ""closeTime"": 1777600800, ""ema20"": 74.14382567444136, ""ema50"": 73.84569505602353, ""rsi20"": 59.05390500917412}, {""stage"": ""entry"", ""timeframe"": ""5m"", ""closeTime"": 1777600800, ""ema20"": 74.24635170029148, ""ema50"": 74.19359763936222, ""rsi20"": 51.17410533356935}]"
Research,63,1,1777686600,1777686900,1777686900,1777686900,75.505,75.48,75.55499999999998,75.465,24.13317253515093,9.110875961332853,2.787019430221699,-2.7870194302217133,1.821692528815868,0.0,-0.30590027150517735,stop,"[{""stage"": ""direction"", ""timeframe"": ""1h"", ""closeTime"": 1777683600, ""ema20"": 75.05245764331269, ""ema50"": 74.32408982128179, ""rsi20"": null}, {""stage"": ""setup"", ""timeframe"": ""15m"", ""closeTime"": 1777686300, ""ema20"": 75.4674215621508, ""ema50"": 75.33509088237544, ""rsi20"": 52.81114956041104}, {""stage"": ""entry"", ""timeframe"": ""5m"", ""closeTime"": 1777686900, ""ema20"": 75.46477269117739, ""ema50"": 75.46438719397634, ""rsi20"": 55.0354237896798}]"
Research,64,1,1777697400,1777697700,1777697700,1777697700,75.505,75.48,75.55499999999998,75.465,24.09626081499701,9.096940864181745,2.782756680219724,-2.7827566802197374,1.818906247620049,0.0,-0.30590027150517723,stop,"[{""stage"": ""direction"", ""timeframe"": ""1h"", ""closeTime"": 1777694400, ""ema20"": 75.16861753325578, ""ema50"": 74.45709269725808, ""rsi20"": null}, {""stage"": ""setup"", ""timeframe"": ""15m"", ""closeTime"": 1777697100, ""ema20"": 75.48247004222483, ""ema50"": 75.39439634872376, ""rsi20"": 51.79220193436851}, {""stage"": ""entry"", ""timeframe"": ""5m"", ""closeTime"": 1777697700, ""ema20"": 75.4851520295975, ""ema50"": 75.48375740484207, ""rsi20"": 51.915178137629184}]"
Research,65,1,1777773000,1777773300,1777773300,1777788300,75.615,75.57,75.705,75.69,24.024405424269386,9.083027080780647,3.2573490094496056,-0.015675924539267472,1.8175063313595397,0.0,-0.0017258480460150948,target,"[{""stage"": ""direction"", ""timeframe"": ""1h"", ""closeTime"": 1777770000, ""ema20"": 75.47652332418902, ""ema50"": 75.05101363783261, ""rsi20"": null}, {""stage"": ""setup"", ""timeframe"": ""15m"", ""closeTime"": 1777772700, ""ema20"": 75.58429375021417, ""ema50"": 75.53242446925492, ""rsi20"": 54.17933128215668}, {""stage"": ""entry"", ""timeframe"": ""5m"", ""closeTime"": 1777773300, ""ema20"": 75.5991565164709, ""ema50"": 75.59211015500819, ""rsi20"": 50.44971724296678}]"
Research,66,1,1777829700,1777830000,1777830000,1777831200,76.245,76.2,76.33500000000001,76.185,23.82569008107535,9.082948701157951,3.245416374393719,-3.2454163743937334,1.815874969529158,0.0,-0.3573086759787587,stop,"[{""stage"": ""direction"", ""timeframe"": ""1h"", ""closeTime"": 1777827600, ""ema20"": 75.87889558991972, ""ema50"": 75.46485375852414, ""rsi20"": null}, {""stage"": ""setup"", ""timeframe"": ""15m"", ""closeTime"": 1777829400, ""ema20"": 76.1659512096505, ""ema50"": 76.0103612879735, ""rsi20"": 58.53748085304132}, {""stage"": ""entry"", ""timeframe"": ""5m"", ""closeTime"": 1777830000, ""ema20"": 76.22657172496413, ""ema50"": 76.19474860990638, ""rsi20"": 51.33717357035844}]"
Research,67,-1,1777899300,1777899600,1777899600,1777900200,73.755,74.03,73.20499999999998,74.045,24.586052794484395,9.066721619285984,8.946864611913012,-8.946864611913025,1.8169093015123967,0.0,-0.9867805572503727,stop,"[{""stage"": ""direction"", ""timeframe"": ""1h"", ""closeTime"": 1777899600, ""ema20"": 74.91802423790355, ""ema50"": 75.24833416597109, ""rsi20"": null}, {""stage"": ""setup"", ""timeframe"": ""15m"", ""closeTime"": 1777899600, ""ema20"": 73.93073708847136, ""ema50"": 74.56920512402952, ""rsi20"": 40.5039610079695}, {""stage"": ""entry"", ""timeframe"": ""5m"", ""closeTime"": 1777899600, ""ema20"": 73.75530072352016, ""ema50"": 73.87383436038833, ""rsi20"": 49.65753253046252}]"
Research,68,-1,1777900200,1777900500,1777900500,1777902000,73.675,74.04,72.94499999999998,74.055,19.87812961172647,9.021987296226417,9.021987296226417,-9.021987296226428,1.4682980437701758,0.0,-1.000000000000001,stop,"[{""stage"": ""direction"", ""timeframe"": ""1h"", ""closeTime"": 1777899600, ""ema20"": 74.91802423790355, ""ema50"": 75.24833416597109, ""rsi20"": null}, {""stage"": ""setup"", ""timeframe"": ""15m"", ""closeTime"": 1777900500, ""ema20"": 73.90876212766456, ""ema50"": 74.53511864857738, ""rsi20"": 39.492356616894654}, {""stage"": ""entry"", ""timeframe"": ""5m"", ""closeTime"": 1777900500, ""ema20"": 73.75897070107168, ""ema50"": 73.86207234521659, ""rsi20"": 48.02766651017282}]"
Research,69,-1,1777940100,1777940400,1777940400,1777940400,72.785,72.9,72.55499999999998,72.56999999999998,24.666833440256333,8.976877359745286,5.003667163356222,3.510645402301317,1.7927237873542294,0.0,0.3910764580614622,target,"[{""stage"": ""direction"", ""timeframe"": ""1h"", ""closeTime"": 1777939200, ""ema20"": 73.60915876362964, ""ema50"": 74.4512712725615, ""rsi20"": null}, {""stage"": ""setup"", ""timeframe"": ""15m"", ""closeTime"": 1777940100, ""ema20"": 72.87365126817537, ""ema50"": 73.23500621979426, ""rsi20"": 45.3145972611712}, {""stage"": ""entry"", ""timeframe"": ""5m"", ""closeTime"": 1777940400, ""ema20"": 72.79145858023648, ""ema50"": 72.84790229653643, ""rsi20"": 48.358323264507966}]"
Research,70,-1,1777954200,1777954500,1777954500,1777954500,72.795,72.83,72.72500000000001,72.845,24.71167136961822,8.994430586756792,3.0350874776164254,-3.0350874776164396,1.7995039091355989,0.0,-0.337440758293831,stop,"[{""stage"": ""direction"", ""timeframe"": ""1h"", ""closeTime"": 1777953600, ""ema20"": 73.38709138288561, ""ema50"": 74.22735753502872, ""rsi20"": null}, {""stage"": ""setup"", ""timeframe"": ""15m"", ""closeTime"": 1777954500, ""ema20"": 72.93356337862417, ""ema50"": 73.09853798098125, ""rsi20"": 45.3697154699515}, {""stage"": ""entry"", ""timeframe"": ""5m"", ""closeTime"": 1777954500, ""ema20"": 72.94098240208287, ""ema50"": 72.94782487606328, ""rsi20"": 43.27629893877038}]"
Research,71,1,1778072400,1778072700,1778072700,1778072700,77.025,76.71,77.65500000000003,76.695,22.069643487608626,8.97925514936871,8.97925514936871,-8.979255149368722,1.6962727984575992,0.0,-1.0000000000000013,stop,"[{""stage"": ""direction"", ""timeframe"": ""1h"", ""closeTime"": 1778072400, ""ema20"": 75.61956459143704, ""ema50"": 74.78145499412257, ""rsi20"": null}, {""stage"": ""setup"", ""timeframe"": ""15m"", ""closeTime"": 1778072400, ""ema20"": 76.85017323405728, ""ema50"": 76.09100609444471, ""rsi20"": 58.056778293731}, {""stage"": ""entry"", ""timeframe"": ""5m"", ""closeTime"": 1778072700, ""ema20"": 76.94895636056712, ""ema50"": 76.9321253966601, ""rsi20"": 50.17601759938909}]"
Research,72,1,1778073300,1778073600,1778073600,1778073600,76.995,76.94,77.10500000000002,76.925,23.207633933688854,8.934358873621868,3.4105938828950726,-3.4105938828950855,1.7860595075366943,0.0,-0.3817390739658611,stop,"[{""stage"": ""direction"", ""timeframe"": ""1h"", ""closeTime"": 1778072400, ""ema20"": 75.61956459143704, ""ema50"": 74.78145499412257, ""rsi20"": null}, {""stage"": ""setup"", ""timeframe"": ""15m"", ""closeTime"": 1778073300, ""ema20"": 76.85872816414707, ""ema50"": 76.12429997309394, ""rsi20"": 58.425400512370366}, {""stage"": ""entry"", ""timeframe"": ""5m"", ""closeTime"": 1778073600, ""ema20"": 76.92878648927004, ""ema50"": 76.92447867555967, ""rsi20"": 50.45733414518134}]"
Research,73,1,1778116500,1778116800,1778116800,1778117100,78.115,77.88,78.585,77.865,22.831225511636415,8.917305904207392,7.488413655561615,-7.488413655561628,1.780607277652524,0.0,-0.8397618895218588,stop,"[{""stage"": ""direction"", ""timeframe"": ""1h"", ""closeTime"": 1778115600, ""ema20"": 76.83076866533987, ""ema50"": 75.75625256114981, ""rsi20"": null}, {""stage"": ""setup"", ""timeframe"": ""15m"", ""closeTime"": 1778116500, ""ema20"": 77.46508545158969, ""ema50"": 77.23617299245642, ""rsi20"": 61.7014513868351}, {""stage"": ""entry"", ""timeframe"": ""5m"", ""closeTime"": 1778116800, ""ema20"": 77.50145269131652, ""ema50"": 77.47272962593043, ""rsi20"": 68.80650427060554}]"
Research,74,1,1778121300,1778121600,1778121600,1778121900,77.825,77.75,77.97500000000001,77.96000000000001,22.820080529211907,8.879863835929584,3.8287531111912387,1.3031977488220854,1.7775131226216387,0.0,0.1467587536138904,target,"[{""stage"": ""direction"", ""timeframe"": ""1h"", ""closeTime"": 1778119200, ""ema20"": 76.95545736387893, ""ema50"": 75.84973285286942, ""rsi20"": null}, {""stage"": ""setup"", ""timeframe"": ""15m"", ""closeTime"": 1778121000, ""ema20"": 77.65709622303555, ""ema50"": 77.36647215299382, ""rsi20"": 57.27014030025148}, {""stage"": ""entry"", ""timeframe"": ""5m"", ""closeTime"": 1778121600, ""ema20"": 77.87010895608066, ""ema50"": 77.71551135077964, ""rsi20"": 51.51282919825616}]"
Research,75,1,1778216700,1778217000,1778217000,1778218200,79.775,79.66,80.00500000000002,79.99000000000002,22.278608147097945,8.886379824673693,4.672046914528113,3.010229836315899,1.7796709153105519,0.0,0.33874647445946127,target,"[{""stage"": ""direction"", ""timeframe"": ""1h"", ""closeTime"": 1778216400, ""ema20"": 79.41740515124553, ""ema50"": 78.32309400381739, ""rsi20"": null}, {""stage"": ""setup"", ""timeframe"": ""15m"", ""closeTime"": 1778216400, ""ema20"": 79.66319606036242, ""ema50"": 79.58105221706077, ""rsi20"": 50.64142173896074}, {""stage"": ""entry"", ""timeframe"": ""5m"", ""closeTime"": 1778217000, ""ema20"": 79.76662822751712, ""ema50"": 79.72070343664824, ""rsi20"": 50.43183503777676}]"
Research,76,1,1778228400,1778228700,1778228700,1778235600,80.275,80.07,80.68500000000003,80.67000000000003,22.1773428186989,8.901430973855271,6.656862107175033,6.9753841934088605,1.7846662199777477,0.0,0.7836250389287436,target,"[{""stage"": ""direction"", ""timeframe"": ""1h"", ""closeTime"": 1778227200, ""ema20"": 79.62994081982433, ""ema50"": 78.5408763330477, ""rsi20"": null}, {""stage"": ""setup"", ""timeframe"": ""15m"", ""closeTime"": 1778228100, ""ema20"": 79.98892041360521, ""ema50"": 79.80741874403292, ""rsi20"": 52.03828999812122}, {""stage"": ""entry"", ""timeframe"": ""5m"", ""closeTime"": 1778228700, ""ema20"": 80.03914526893803, ""ema50"": 80.03304854245343, ""rsi20"": 55.674247810565184}]"
Research,77,1,1778286000,1778286300,1778286300,1778286600,80.485,80.43,80.59499999999998,80.415,22.206144983095772,8.936307894822317,3.340914512706595,-3.3409145127066076,1.786484363890055,0.0,-0.37385848294711604,stop,"[{""stage"": ""direction"", ""timeframe"": ""1h"", ""closeTime"": 1778284800, ""ema20"": 80.31648450952028, ""ema50"": 79.47218894000687, ""rsi20"": null}, {""stage"": ""setup"", ""timeframe"": ""15m"", ""closeTime"": 1778285700, ""ema20"": 80.43860177271607, ""ema50"": 80.42410141325001, ""rsi20"": 50.19006603142093}, {""stage"": ""entry"", ""timeframe"": ""5m"", ""closeTime"": 1778286300, ""ema20"": 80.43677414750354, ""ema50"": 80.43554550325622, ""rsi20"": 55.156977527047445}]"
Research,78,1,1778288100,1778288400,1778288400,1778294100,80.475,80.44,80.54499999999999,80.52999999999999,22.167389430900986,8.919603322258784,2.8917359512609577,-0.5653238489617158,1.7845302676611063,0.0,-0.06337993165581206,target,"[{""stage"": ""direction"", ""timeframe"": ""1h"", ""closeTime"": 1778288400, ""ema20"": 80.33015265147073, ""ema50"": 79.51092662863405, ""rsi20"": null}, {""stage"": ""setup"", ""timeframe"": ""15m"", ""closeTime"": 1778288400, ""ema20"": 80.44484932070614, ""ema50"": 80.42850854624128, ""rsi20"": 50.42379155719164}, {""stage"": ""entry"", ""timeframe"": ""5m"", ""closeTime"": 1778288400, ""ema20"": 80.44339195190031, ""ema50"": 80.43926484263474, ""rsi20"": 53.19579308879832}]"
Research,79,1,1778376000,1778376300,1778376300,1778376300,80.635,80.61,80.68500000000002,80.595,22.116392888978666,8.916776703013975,2.6675687283042877,-2.6675687283043,1.7829130127450152,0.0,-0.2991628945247256,stop,"[{""stage"": ""direction"", ""timeframe"": ""1h"", ""closeTime"": 1778374800, ""ema20"": 80.55199853246906, ""ema50"": 80.15798663444004, ""rsi20"": null}, {""stage"": ""setup"", ""timeframe"": ""15m"", ""closeTime"": 1778375700, ""ema20"": 80.6083062062875, ""ema50"": 80.5794046252544, ""rsi20"": 54.43336618769037}, {""stage"": ""entry"", ""timeframe"": ""5m"", ""closeTime"": 1778376300, ""ema20"": 80.61077402847802, ""ema50"": 80.61053193369054, ""rsi20"": 53.03208494015903}]"
Research,80,1,1778377500,1778377800,1778377800,1778377800,80.625,80.61,80.655,80.595,22.086049883714615,8.903438859372455,2.442937977637686,-2.4429379776376985,1.7803564811262351,0.0,-0.27438139534884,stop,"[{""stage"": ""direction"", ""timeframe"": ""1h"", ""closeTime"": 1778374800, ""ema20"": 80.55199853246906, ""ema50"": 80.15798663444004, ""rsi20"": null}, {""stage"": ""setup"", ""timeframe"": ""15m"", ""closeTime"": 1778377500, ""ema20"": 80.60947514845756, ""ema50"": 80.58213398894111, ""rsi20"": 52.802606247317165}, {""stage"": ""entry"", ""timeframe"": ""5m"", ""closeTime"": 1778377800, ""ema20"": 80.61276520858333, ""ema50"": 80.61150962899143, ""rsi20"": 52.96410289305485}]"
Research,81,1,1778520000,1778520300,1778520300,1778522400,85.325,85.09,85.795,85.78,20.840841885694147,8.891224169484266,6.985850200084666,7.699596932564953,1.7829861254258486,0.0,0.8659771462056801,target,"[{""stage"": ""direction"", ""timeframe"": ""1h"", ""closeTime"": 1778518800, ""ema20"": 82.40302042593991, ""ema50"": 81.36804204198585, ""rsi20"": null}, {""stage"": ""setup"", ""timeframe"": ""15m"", ""closeTime"": 1778519700, ""ema20"": 84.63082516051986, ""ema50"": 83.09663008511755, ""rsi20"": 64.15987196763626}, {""stage"": ""entry"", ""timeframe"": ""5m"", ""closeTime"": 1778520300, ""ema20"": 85.33136359885576, ""ema50"": 84.89093404951227, ""rsi20"": 54.00913184174416}]"
Research,82,1,1778547900,1778548200,1778548200,1778549700,86.925,86.32,88.135,86.30499999999999,12.637323229972532,8.929722154147091,8.929722154147091,-8.929722154147099,1.0945817515640708,0.0,-1.0000000000000009,stop,"[{""stage"": ""direction"", ""timeframe"": ""1h"", ""closeTime"": 1778547600, ""ema20"": 84.58798424125101, ""ema50"": 82.72543588396013, ""rsi20"": null}, {""stage"": ""setup"", ""timeframe"": ""15m"", ""closeTime"": 1778547600, ""ema20"": 86.39756778839555, ""ema50"": 85.40793495795216, ""rsi20"": 53.98533286131307}, {""stage"": ""entry"", ""timeframe"": ""5m"", ""closeTime"": 1778548200, ""ema20"": 86.62134826307317, ""ema50"": 86.5259765550836, ""rsi20"": 55.19652166601096}]"
Research,83,1,1778636400,1778636700,1778636700,1778637300,87.185,86.92,87.715,86.905,20.38211514222941,8.885073543376356,7.481153452379605,-7.481153452379617,1.774161212555359,0.0,-0.8419911682055425,stop,"[{""stage"": ""direction"", ""timeframe"": ""1h"", ""closeTime"": 1778634000, ""ema20"": 85.76540153464155, ""ema50"": 84.49149005047086, ""rsi20"": null}, {""stage"": ""setup"", ""timeframe"": ""15m"", ""closeTime"": 1778636700, ""ema20"": 86.94486966164848, ""ema50"": 86.24086588981292, ""rsi20"": 59.49999848180415}, {""stage"": ""entry"", ""timeframe"": ""5m"", ""closeTime"": 1778636700, ""ema20"": 87.22146503755755, ""ema50"": 87.03233425056966, ""rsi20"": 51.08117037967823}]"
Research,84,1,1778637600,1778637900,1778637900,1778637900,87.215,86.81,88.025,86.795,17.450849155559485,8.847667776114458,8.847667776114458,-8.847667776114466,1.5183111307794532,0.0,-1.000000000000001,stop,"[{""stage"": ""direction"", ""timeframe"": ""1h"", ""closeTime"": 1778637600, ""ema20"": 85.86774424562807, ""ema50"": 84.58358847986416, ""rsi20"": null}, {""stage"": ""setup"", ""timeframe"": ""15m"", ""closeTime"": 1778637600, ""ema20"": 86.93488207482481, ""ema50"": 86.26436134511438, ""rsi20"": 54.72097155731847}, {""stage"": ""entry"", ""timeframe"": ""5m"", ""closeTime"": 1778637900, ""ema20"": 87.18247224746652, ""ema50"": 87.04339335372568, ""rsi20"": 51.51371522106964}]"
Research,85,1,1778720400,1778720700,1778720700,1778720700,88.055,87.74,88.68500000000003,87.725,19.995297114834784,8.803429437233886,8.355834711318547,-8.355834711318558,1.7573866634228295,0.0,-0.9491567770143943,stop,"[{""stage"": ""direction"", ""timeframe"": ""1h"", ""closeTime"": 1778720400, ""ema20"": 87.44100086208547, ""ema50"": 86.30078163003938, ""rsi20"": null}, {""stage"": ""setup"", ""timeframe"": ""15m"", ""closeTime"": 1778720400, ""ema20"": 87.81276933476195, ""ema50"": 87.71153104537328, ""rsi20"": 55.517233343357844}, {""stage"": ""entry"", ""timeframe"": ""5m"", ""closeTime"": 1778720700, ""ema20"": 87.78582024222356, ""ema50"": 87.77821160568843, ""rsi20"": 57.06741120019906}]"
Research,86,-1,1778793300,1778793600,1778793600,1778794500,83.875,83.95,83.725,83.74,20.892161582538996,8.761650263677293,3.633564742435242,1.0695219818142345,1.750919831828637,0.0,0.12206855439643544,target,"[{""stage"": ""direction"", ""timeframe"": ""1h"", ""closeTime"": 1778792400, ""ema20"": 85.57283546961227, ""ema50"": 85.96170369264051, ""rsi20"": null}, {""stage"": ""setup"", ""timeframe"": ""15m"", ""closeTime"": 1778793300, ""ema20"": 84.19162297888519, ""ema50"": 85.08405574889132, ""rsi20"": 38.83095966985323}, {""stage"": ""entry"", ""timeframe"": ""5m"", ""closeTime"": 1778793600, ""ema20"": 83.72848512571896, ""ema50"": 84.07254621284834, ""rsi20"": 48.92884821090027}]"
Research,87,-1,1778841300,1778841600,1778841600,1778841600,78.315,78.57,77.805,78.585,22.389064351877323,8.766997873586362,7.801469473411553,-7.801469473411565,1.756422098404776,0.0,-0.8898678414096817,stop,"[{""stage"": ""direction"", ""timeframe"": ""1h"", ""closeTime"": 1778839200, ""ema20"": 81.53124515265513, ""ema50"": 83.73196576671567, ""rsi20"": null}, {""stage"": ""setup"", ""timeframe"": ""15m"", ""closeTime"": 1778841000, ""ema20"": 78.77476279289074, ""ema50"": 80.35142456838108, ""rsi20"": 39.749436218057184}, {""stage"": ""entry"", ""timeframe"": ""5m"", ""closeTime"": 1778841600, ""ema20"": 78.20118470258961, ""ema50"": 78.56647792763971, ""rsi20"": 48.9268855674906}]"
Research,88,-1,1778844900,1778845200,1778845200,1778845500,78.405,78.66,77.89500000000001,78.675,22.263862065478744,8.727990526219305,7.75984648430186,-7.759846484301873,1.7486037266227008,0.0,-0.8890759517887789,stop,"[{""stage"": ""direction"", ""timeframe"": ""1h"", ""closeTime"": 1778842800, ""ema20"": 81.2901741857356, ""ema50"": 83.54639848174644, ""rsi20"": null}, {""stage"": ""setup"", ""timeframe"": ""15m"", ""closeTime"": 1778844600, ""ema20"": 78.78929891317051, ""ema50"": 80.1251377280923, ""rsi20"": 41.676791830659255}, {""stage"": ""entry"", ""timeframe"": ""5m"", ""closeTime"": 1778845200, ""ema20"": 78.60360546022184, ""ema50"": 78.65546404763164, ""rsi20"": 47.26721683407455}]"
Research,89,-1,1778892600,1778892900,1778892900,1778893500,76.165,76.26,75.97500000000001,76.275,22.81675649917362,8.689191293797796,4.248936395276086,-4.248936395276099,1.7390931803670138,0.0,-0.4889910063677526,stop,"[{""stage"": ""direction"", ""timeframe"": ""1h"", ""closeTime"": 1778889600, ""ema20"": 77.84640486189211, ""ema50"": 80.75104402641048, ""rsi20"": null}, {""stage"": ""setup"", ""timeframe"": ""15m"", ""closeTime"": 1778892300, ""ema20"": 76.26131920175182, ""ema50"": 76.88726241924088, ""rsi20"": 42.48003844823597}, {""stage"": ""entry"", ""timeframe"": ""5m"", ""closeTime"": 1778892900, ""ema20"": 76.16208475291997, ""ema50"": 76.226309305885, ""rsi20"": 49.78947153914279}]"
Research,90,-1,1778893800,1778894100,1778894100,1778896500,76.175,76.26,76.00499999999998,76.275,22.757982571240998,8.667946611821415,4.010525478617126,-4.010525478617139,1.734727221492845,0.0,-0.46268460781098397,stop,"[{""stage"": ""direction"", ""timeframe"": ""1h"", ""closeTime"": 1778893200, ""ema20"": 77.68484249409286, ""ema50"": 80.57061092733557, ""rsi20"": null}, {""stage"": ""setup"", ""timeframe"": ""15m"", ""closeTime"": 1778894100, ""ema20"": 76.24493476605987, ""ema50"": 76.83214035701552, ""rsi20"": 42.10802283327557}, {""stage"": ""entry"", ""timeframe"": ""5m"", ""closeTime"": 1778894100, ""ema20"": 76.17216554360212, ""ema50"": 76.22110030328368, ""rsi20"": 49.824735207636635}]"
Research,91,-1,1778979300,1778979600,1778979600,1778982300,75.725,75.77,75.63499999999999,75.64999999999999,22.84026143130625,8.647893984428329,3.100679690607019,-0.01570267973395789,1.7287222870819916,0.0,-0.0018157807857303331,target,"[{""stage"": ""direction"", ""timeframe"": ""1h"", ""closeTime"": 1778979600, ""ema20"": 75.99100099005557, ""ema50"": 77.66640041156462, ""rsi20"": null}, {""stage"": ""setup"", ""timeframe"": ""15m"", ""closeTime"": 1778979600, ""ema20"": 75.76709242329488, ""ema50"": 75.83137403443004, ""rsi20"": 45.317893235353864}, {""stage"": ""entry"", ""timeframe"": ""5m"", ""closeTime"": 1778979600, ""ema20"": 75.74865376701493, ""ema50"": 75.766704374387, ""rsi20"": 46.70733591962592}]"
Research,92,-1,1778997300,1778997600,1778997600,1778997900,75.685,75.75,75.555,75.765,22.8521251794402,8.64781547102966,3.558647193568273,-3.5586471935682864,1.7304771792131093,0.0,-0.41150822487942995,stop,"[{""stage"": ""direction"", ""timeframe"": ""1h"", ""closeTime"": 1778997600, ""ema20"": 75.89831479203761, ""ema50"": 77.31983257819707, ""rsi20"": null}, {""stage"": ""setup"", ""timeframe"": ""15m"", ""closeTime"": 1778997600, ""ema20"": 75.77786057225289, ""ema50"": 75.79981610887192, ""rsi20"": 44.86825193178161}, {""stage"": ""entry"", ""timeframe"": ""5m"", ""closeTime"": 1778997600, ""ema20"": 75.78137103999126, ""ema50"": 75.78569145966412, ""rsi20"": 37.82143114343448}]"
Research,93,-1,1779071100,1779071400,1779071400,1779071700,75.195,75.45,74.68499999999997,75.465,22.95371297310145,8.630022235061817,7.926605701001346,-7.926605701001358,1.7291031982637322,0.0,-0.9184919210054131,stop,"[{""stage"": ""direction"", ""timeframe"": ""1h"", ""closeTime"": 1779069600, ""ema20"": 75.83199192301316, ""ema50"": 76.4965494632268, ""rsi20"": null}, {""stage"": ""setup"", ""timeframe"": ""15m"", ""closeTime"": 1779071400, ""ema20"": 75.38788609384888, ""ema50"": 75.64040402048285, ""rsi20"": 46.82896878613113}, {""stage"": ""entry"", ""timeframe"": ""5m"", ""closeTime"": 1779071400, ""ema20"": 75.02104195869799, ""ema50"": 75.33679839600497, ""rsi20"": 49.829807450238555}]"
Research,94,-1,1779072300,1779072600,1779072600,1779076800,75.105,75.56,74.19500000000001,75.575,15.75235487321091,8.59038920655681,8.59038920655681,-8.59038920655682,1.18678241614771,0.0,-1.000000000000001,stop,"[{""stage"": ""direction"", ""timeframe"": ""1h"", ""closeTime"": 1779069600, ""ema20"": 75.83199192301316, ""ema50"": 76.4965494632268, ""rsi20"": null}, {""stage"": ""setup"", ""timeframe"": ""15m"", ""closeTime"": 1779072300, ""ema20"": 75.37856360872041, ""ema50"": 75.62666268634626, ""rsi20"": 47.458272058262175}, {""stage"": ""entry"", ""timeframe"": ""5m"", ""closeTime"": 1779072600, ""ema20"": 75.08993068268613, ""ema50"": 75.32101989727842, ""rsi20"": 48.72774079937221}]"
Research,95,-1,1779190500,1779190800,1779190800,1779190800,75.995,76.09,75.805,76.105,22.4947358655807,8.547437260524028,4.185145607791264,-4.185145607791277,1.7107246625774124,0.0,-0.48963747614974523,stop,"[{""stage"": ""direction"", ""timeframe"": ""1h"", ""closeTime"": 1779188400, ""ema20"": 76.61199513944196, ""ema50"": 76.63412922593234, ""rsi20"": null}, {""stage"": ""setup"", ""timeframe"": ""15m"", ""closeTime"": 1779190200, ""ema20"": 76.1129730785516, ""ema50"": 76.4524921590459, ""rsi20"": 46.411068445629915}, {""stage"": ""entry"", ""timeframe"": ""5m"", ""closeTime"": 1779190800, ""ema20"": 76.04344113864644, ""ema50"": 76.08281909872125, ""rsi20"": 48.522875759433276}]"
Research,96,-1,1779191400,1779191700,1779191700,1779192300,75.965,76.1,75.69500000000002,76.115,22.44852638053069,8.52651153248507,5.074264903054954,-5.074264903054966,1.7069859459755539,0.0,-0.5951161719212571,stop,"[{""stage"": ""direction"", ""timeframe"": ""1h"", ""closeTime"": 1779188400, ""ema20"": 76.61199513944196, ""ema50"": 76.63412922593234, ""rsi20"": null}, {""stage"": ""setup"", ""timeframe"": ""15m"", ""closeTime"": 1779191100, ""ema20"": 76.11268992821336, ""ema50"": 76.43906109398527, ""rsi20"": 46.41106844562991}, {""stage"": ""entry"", ""timeframe"": ""5m"", ""closeTime"": 1779191700, ""ema20"": 76.04573834034942, ""ema50"": 76.07966471527132, ""rsi20"": 47.92145077725864}]"
Research,97,-1,1779240900,1779241200,1779241200,1779241500,73.695,73.87,73.34499999999997,73.885,23.071145146807236,8.501140207969796,6.085937378276544,-6.085937378276556,1.702419800382906,0.0,-0.7158966008549073,stop,"[{""stage"": ""direction"", ""timeframe"": ""1h"", ""closeTime"": 1779238800, ""ema20"": 74.98113298139579, ""ema50"": 75.72668984138677, ""rsi20"": null}, {""stage"": ""setup"", ""timeframe"": ""15m"", ""closeTime"": 1779240600, ""ema20"": 74.27091805863593, ""ema50"": 74.56293041665963, ""rsi20"": 39.801394520968444}, {""stage"": ""entry"", ""timeframe"": ""5m"", ""closeTime"": 1779241200, ""ema20"": 74.22689077022015, ""ema50"": 74.24628581535619, ""rsi20"": 38.66938456848175}]"
Research,98,-1,1779242700,1779243000,1779243000,1779244200,74.115,74.38,73.585,73.6,22.85828920212754,8.470710521078413,8.097663241299706,10.083762844349561,1.688256094746135,0.0,1.1904270390609204,target,"[{""stage"": ""direction"", ""timeframe"": ""1h"", ""closeTime"": 1779242400, ""ema20"": 74.91531079269143, ""ema50"": 75.67034906329317, ""rsi20"": null}, {""stage"": ""setup"", ""timeframe"": ""15m"", ""closeTime"": 1779242400, ""ema20"": 74.22784902305573, ""ema50"": 74.5215978202229, ""rsi20"": 48.638097772104906}, {""stage"": ""entry"", ""timeframe"": ""5m"", ""closeTime"": 1779243000, ""ema20"": 74.1882036970726, ""ema50"": 74.22081458600243, ""rsi20"": 48.25970779213789}]"
Research,99,1,1779324900,1779325200,1779325200,1779325200,76.185,76.06,76.435,76.045,22.36957231817329,8.521129335300161,4.834400121542021,-4.834400121542034,1.70265999699776,0.0,-0.5673426527531682,stop,"[{""stage"": ""direction"", ""timeframe"": ""1h"", ""closeTime"": 1779325200, ""ema20"": 75.67801999690556, ""ema50"": 75.61496120395579, ""rsi20"": null}, {""stage"": ""setup"", ""timeframe"": ""15m"", ""closeTime"": 1779325200, ""ema20"": 75.88256314864685, ""ema50"": 75.77109413223191, ""rsi20"": 56.51280468022331}, {""stage"": ""entry"", ""timeframe"": ""5m"", ""closeTime"": 1779325200, ""ema20"": 75.8734802239801, ""ema50"": 75.85693451076035, ""rsi20"": 61.02787602377297}]"
Research,100,-1,1779359700,1779360000,1779360000,1779362400,74.745,75.13,73.97500000000002,75.145,17.890402751250384,8.496957334692452,8.496957334692452,-8.49695733469246,1.3407962341924602,0.0,-1.000000000000001,stop,"[{""stage"": ""direction"", ""timeframe"": ""1h"", ""closeTime"": 1779357600, ""ema20"": 75.54429634472565, ""ema50"": 75.57474858965517, ""rsi20"": null}, {""stage"": ""setup"", ""timeframe"": ""15m"", ""closeTime"": 1779359400, ""ema20"": 75.42635436226251, ""ema50"": 75.54631076078036, ""rsi20"": 42.72257632642822}, {""stage"": ""entry"", ""timeframe"": ""5m"", ""closeTime"": 1779360000, ""ema20"": 75.37475991501286, ""ema50"": 75.40072231680476, ""rsi20"": 31.81363892316874}]"
Research,101,1,1779423000,1779423300,1779423300,1779423300,76.685,76.6,76.85500000000002,76.585,22.04987298172782,8.45447254801899,3.894779314127669,-3.8947793141276814,1.6897920159547115,0.0,-0.4606767946795554,stop,"[{""stage"": ""direction"", ""timeframe"": ""1h"", ""closeTime"": 1779422400, ""ema20"": 76.20325636124583, ""ema50"": 75.89826064361745, ""rsi20"": null}, {""stage"": ""setup"", ""timeframe"": ""15m"", ""closeTime"": 1779423300, ""ema20"": 76.4428093121891, ""ema50"": 76.33945478024268, ""rsi20"": 55.747373458834}, {""stage"": ""entry"", ""timeframe"": ""5m"", ""closeTime"": 1779423300, ""ema20"": 76.43122883793976, ""ema50"": 76.42543643619764, ""rsi20"": 59.939782047055616}]"
Research,102,1,1779427500,1779427800,1779427800,1779427800,76.565,76.52,76.655,76.505,22.03356272826579,8.434998651448351,3.0083524871038065,-3.00835248710382,1.6863387234078222,0.0,-0.3566512113890218,stop,"[{""stage"": ""direction"", ""timeframe"": ""1h"", ""closeTime"": 1779426000, ""ema20"": 76.241993850651, ""ema50"": 75.92617199092656, ""rsi20"": null}, {""stage"": ""setup"", ""timeframe"": ""15m"", ""closeTime"": 1779427800, ""ema20"": 76.50883623962828, ""ema50"": 76.38940407545212, ""rsi20"": 52.87804685032004}, {""stage"": ""entry"", ""timeframe"": ""5m"", ""closeTime"": 1779427800, ""ema20"": 76.5595993779515, ""ema50"": 76.50689445716883, ""rsi20"": 52.10055885831507}]"
Research,103,-1,1779498600,1779498900,1779498900,1779499500,75.575,75.65,75.425,75.665,22.28238673903495,8.419956889012832,3.690408891719032,-3.690408891719045,1.6849940852058232,0.0,-0.43829308633808384,stop,"[{""stage"": ""direction"", ""timeframe"": ""1h"", ""closeTime"": 1779498000, ""ema20"": 75.85340540682007, ""ema50"": 75.88550509751094, ""rsi20"": null}, {""stage"": ""setup"", ""timeframe"": ""15m"", ""closeTime"": 1779498900, ""ema20"": 75.62777270574526, ""ema50"": 75.76789681175961, ""rsi20"": 45.01603806414897}, {""stage"": ""entry"", ""timeframe"": ""5m"", ""closeTime"": 1779498900, ""ema20"": 75.5820755016006, ""ema50"": 75.61294942742394, ""rsi20"": 49.22935645576998}]"
Research,104,-1,1779519600,1779519900,1779519900,1779522300,75.615,75.68,75.48499999999997,75.49999999999997,22.22179420631948,8.401504844554237,3.4589333771849238,0.8764831179832742,1.679023215743984,0.0,0.10432453878204936,target,"[{""stage"": ""direction"", ""timeframe"": ""1h"", ""closeTime"": 1779519600, ""ema20"": 75.7844151386305, ""ema50"": 75.84639953194174, ""rsi20"": null}, {""stage"": ""setup"", ""timeframe"": ""15m"", ""closeTime"": 1779519600, ""ema20"": 75.69652002522952, ""ema50"": 75.7286606774136, ""rsi20"": 47.171972834165544}, {""stage"": ""entry"", ""timeframe"": ""5m"", ""closeTime"": 1779519900, ""ema20"": 75.69642937016285, ""ema50"": 75.69648901918076, ""rsi20"": 36.704766679884756}]"
Research,105,1,1779596700,1779597000,1779597000,1779598500,77.585,77.51,77.73499999999997,77.495,21.668846452649746,8.405887260144151,3.6303985346766923,-3.6303985346767043,1.6802023539384614,0.0,-0.4318876071405277,stop,"[{""stage"": ""direction"", ""timeframe"": ""1h"", ""closeTime"": 1779595200, ""ema20"": 76.6849900511763, ""ema50"": 76.23500188900933, ""rsi20"": null}, {""stage"": ""setup"", ""timeframe"": ""15m"", ""closeTime"": 1779597000, ""ema20"": 77.45791055541133, ""ema50"": 76.98112544142175, ""rsi20"": 60.73545239429994}, {""stage"": ""entry"", ""timeframe"": ""5m"", ""closeTime"": 1779597000, ""ema20"": 77.62493137935381, ""ema50"": 77.51300889960234, ""rsi20"": 50.33310827331062}]"
Research,106,1,1779601500,1779601800,1779601800,1779604200,77.575,77.45,77.825,77.435,21.624841166537593,8.387735267470768,4.703511077927759,-4.703511077927772,1.6760333146124962,0.0,-0.5607605543022897,stop,"[{""stage"": ""direction"", ""timeframe"": ""1h"", ""closeTime"": 1779598800, ""ema20"": 76.7607052843976, ""ema50"": 76.28382534434229, ""rsi20"": null}, {""stage"": ""setup"", ""timeframe"": ""15m"", ""closeTime"": 1779601500, ""ema20"": 77.47586605922416, ""ema50"": 77.07609522917454, ""rsi20"": 58.02491799537399}, {""stage"": ""entry"", ""timeframe"": ""5m"", ""closeTime"": 1779601800, ""ema20"": 77.5367551107669, ""ema50"": 77.5150475856725, ""rsi20"": 51.791619505460254}]"
Research,107,1,1779673800,1779674100,1779674100,1779674100,78.175,78.01,78.50499999999998,77.995,21.39870217353663,8.36421771208113,5.522684050457031,-5.522684050457043,1.6709176592206079,0.0,-0.6602750239846309,stop,"[{""stage"": ""direction"", ""timeframe"": ""1h"", ""closeTime"": 1779670800, ""ema20"": 77.10020206734923, ""ema50"": 76.74245572631804, ""rsi20"": null}, {""stage"": ""setup"", ""timeframe"": ""15m"", ""closeTime"": 1779673500, ""ema20"": 77.8638152850593, ""ema50"": 77.38018894201649, ""rsi20"": 59.04389952376019}, {""stage"": ""entry"", ""timeframe"": ""5m"", ""closeTime"": 1779674100, ""ema20"": 78.27353149607124, ""ema50"": 78.01093123523955, ""rsi20"": 50.64635546520974}]"
Research,108,1,1779674700,1779675000,1779675000,1779675300,78.145,77.83,78.77499999999999,77.815,20.433855316017677,8.336604291828845,8.336604291828845,-8.336604291828857,1.5934320375430584,0.0,-1.0000000000000016,stop,"[{""stage"": ""direction"", ""timeframe"": ""1h"", ""closeTime"": 1779674400, ""ema20"": 77.17732567998263, ""ema50"": 76.78824177626636, ""rsi20"": null}, {""stage"": ""setup"", ""timeframe"": ""15m"", ""closeTime"": 1779674400, ""ema20"": 77.86821382933937, ""ema50"": 77.40096584625114, ""rsi20"": 56.0212258181179}, {""stage"": ""entry"", ""timeframe"": ""5m"", ""closeTime"": 1779675000, ""ema20"": 78.19502564858576, ""ema50"": 78.005883324624, ""rsi20"": 50.44733894718714}]"
Research,109,-1,1779794100,1779794400,1779794400,1779795300,76.325,76.43,76.115,76.13,21.735791078597316,8.294921270369702,4.26858333097042,2.5816142458828604,1.656865014443777,0.0,0.31122830003277396,target,"[{""stage"": ""direction"", ""timeframe"": ""1h"", ""closeTime"": 1779793200, ""ema20"": 76.99172150149238, ""ema50"": 77.16325598124563, ""rsi20"": null}, {""stage"": ""setup"", ""timeframe"": ""15m"", ""closeTime"": 1779794100, ""ema20"": 76.40820315823949, ""ema50"": 76.75708859109317, ""rsi20"": 45.78593700772965}, {""stage"": ""entry"", ""timeframe"": ""5m"", ""closeTime"": 1779794400, ""ema20"": 76.3746818713036, ""ema50"": 76.38133351755755, ""rsi20"": 49.595323988127205}]"
Research,110,-1,1779809400,1779809700,1779809700,1779809700,76.155,76.23,76.005,76.245,21.818211126253342,8.307829341599117,3.6261866891833674,-3.6261866891833803,1.6625476878205048,0.0,-0.43647823517826384,stop,"[{""stage"": ""direction"", ""timeframe"": ""1h"", ""closeTime"": 1779807600, ""ema20"": 76.75299436858093, ""ema50"": 77.03016306595188, ""rsi20"": null}, {""stage"": ""setup"", ""timeframe"": ""15m"", ""closeTime"": 1779809400, ""ema20"": 76.30751086266324, ""ema50"": 76.51542936389642, ""rsi20"": 45.53662966995793}, {""stage"": ""entry"", ""timeframe"": ""5m"", ""closeTime"": 1779809700, ""ema20"": 76.30792256565883, ""ema50"": 76.31543870538802, ""rsi20"": 45.527680592062815}]"
Research,111,-1,1779871500,1779871800,1779871800,1779873300,75.545,75.65,75.335,75.665,21.9463853548301,8.2896984081532,4.292822707331629,-4.292822707331641,1.6592564647519297,0.0,-0.5178502879078815,stop,"[{""stage"": ""direction"", ""timeframe"": ""1h"", ""closeTime"": 1779868800, ""ema20"": 76.50095821740952, ""ema50"": 76.7920736159355, ""rsi20"": null}, {""stage"": ""setup"", ""timeframe"": ""15m"", ""closeTime"": 1779871500, ""ema20"": 75.82214113062062, ""ema50"": 76.30648912253902, ""rsi20"": 39.12384149969573}, {""stage"": ""entry"", ""timeframe"": ""5m"", ""closeTime"": 1779871800, ""ema20"": 75.42605705824948, ""ema50"": 75.72197409394178, ""rsi20"": 49.11231991718246}]"
Research,112,-1,1779873600,1779873900,1779873900,1779875700,75.545,75.67,75.295,75.685,21.889560644957417,8.26823429461654,4.719717618462494,-4.719717618462506,1.6551791281684551,0.0,-0.5708253358925159,stop,"[{""stage"": ""direction"", ""timeframe"": ""1h"", ""closeTime"": 1779872400, ""ema20"": 76.41705743479909, ""ema50"": 76.74610994472233, ""rsi20"": null}, {""stage"": ""setup"", ""timeframe"": ""15m"", ""closeTime"": 1779873300, ""ema20"": 75.77690010919284, ""ema50"": 76.2501731577148, ""rsi20"": 37.77207942081174}, {""stage"": ""entry"", ""timeframe"": ""5m"", ""closeTime"": 1779873900, ""ema20"": 75.48920500350388, ""ema50"": 75.68028612748105, ""rsi20"": 48.85585032147815}]"
Research,113,-1,1779927600,1779927900,1779927900,1779929100,74.665,74.91,74.17500000000003,74.925,22.08433859646214,8.244635706524228,7.393726140402329,-7.393726140402341,1.6517981053223858,0.0,-0.896792339114688,stop,"[{""stage"": ""direction"", ""timeframe"": ""1h"", ""closeTime"": 1779926400, ""ema20"": 75.09249567680014, ""ema50"": 75.8247464120563, ""rsi20"": null}, {""stage"": ""setup"", ""timeframe"": ""15m"", ""closeTime"": 1779927300, ""ema20"": 74.74938241287313, ""ema50"": 74.89196666240301, ""rsi20"": 41.463134681692296}, {""stage"": ""entry"", ""timeframe"": ""5m"", ""closeTime"": 1779927900, ""ema20"": 74.7076835473817, ""ema50"": 74.75317555177546, ""rsi20"": 47.478541891559715}]"
Research,114,-1,1779966300,1779966600,1779966600,1779966900,73.275,73.35,73.12500000000003,73.365,22.40236663479281,8.207667075822217,3.6587545187941073,-3.6587545187941197,1.6425415216630088,0.0,-0.44577277379730923,stop,"[{""stage"": ""direction"", ""timeframe"": ""1h"", ""closeTime"": 1779966000, ""ema20"": 73.89914474605327, ""ema50"": 74.93005886302119, ""rsi20"": null}, {""stage"": ""setup"", ""timeframe"": ""15m"", ""closeTime"": 1779966000, ""ema20"": 73.40925982135248, ""ema50"": 73.59516117423892, ""rsi20"": 44.745835635323346}, {""stage"": ""entry"", ""timeframe"": ""5m"", ""closeTime"": 1779966600, ""ema20"": 73.41900341814336, ""ema50"": 73.41951207278416, ""rsi20"": 46.18064092561313}]"
Research,115,1,1780020600,1780020900,1780020900,1780021500,76.045,75.9,76.335,75.885,21.53822947788348,8.189373303228248,5.08226831874869,-5.082268318748701,1.6361516022874185,0.0,-0.6205930698928175,stop,"[{""stage"": ""direction"", ""timeframe"": ""1h"", ""closeTime"": 1780020000, ""ema20"": 75.16390878634742, ""ema50"": 75.13305188124893, ""rsi20"": null}, {""stage"": ""setup"", ""timeframe"": ""15m"", ""closeTime"": 1780020900, ""ema20"": 75.93193956168767, ""ema50"": 75.49593719457836, ""rsi20"": 58.200350014708235}, {""stage"": ""entry"", ""timeframe"": ""5m"", ""closeTime"": 1780020900, ""ema20"": 76.06878458998227, ""ema50"": 75.956077340336, ""rsi20"": 50.986817093201196}]"
Research,116,1,1780022700,1780023000,1780023000,1780023000,76.055,75.95,76.26500000000001,75.935,21.468573957358497,8.163961961634504,4.207733152772564,-4.207733152772576,1.631504277889459,0.0,-0.5154033265400157,stop,"[{""stage"": ""direction"", ""timeframe"": ""1h"", ""closeTime"": 1780020000, ""ema20"": 75.16390878634742, ""ema50"": 75.13305188124893, ""rsi20"": null}, {""stage"": ""setup"", ""timeframe"": ""15m"", ""closeTime"": 1780022700, ""ema20"": 75.93625891557653, ""ema50"": 75.53125920960501, ""rsi20"": 56.564228693900176}, {""stage"": ""entry"", ""timeframe"": ""5m"", ""closeTime"": 1780023000, ""ema20"": 76.02121502043572, ""ema50"": 75.96027625864888, ""rsi20"": 51.73902846061416}]"
Research,117,1,1780170600,1780170900,1780170900,1780170900,75.525,75.51,75.555,75.495,21.563517499822947,8.142923295870641,2.2751667314063315,-2.2751667314063435,1.6282612064116306,0.0,-0.27940417080437235,stop,"[{""stage"": ""direction"", ""timeframe"": ""1h"", ""closeTime"": 1780167600, ""ema20"": 75.51064698506359, ""ema50"": 75.47652141230029, ""rsi20"": null}, {""stage"": ""setup"", ""timeframe"": ""15m"", ""closeTime"": 1780170300, ""ema20"": 75.50959805219186, ""ema50"": 75.50876217137403, ""rsi20"": 50.50399812831474}, {""stage"": ""entry"", ""timeframe"": ""5m"", ""closeTime"": 1780170900, ""ema20"": 75.52249161612103, ""ema50"": 75.51120920373359, ""rsi20"": 51.23721020619279}]"
Research,118,1,1780172100,1780172400,1780172400,1780175400,75.545,75.51,75.615,75.495,21.52769200400717,8.131547462213609,2.702155900342907,-2.702155900342919,1.6257713001426217,0.0,-0.33230524852736026,stop,"[{""stage"": ""direction"", ""timeframe"": ""1h"", ""closeTime"": 1780171200, ""ema20"": 75.51153774839086, ""ema50"": 75.47822645495518, ""rsi20"": null}, {""stage"": ""setup"", ""timeframe"": ""15m"", ""closeTime"": 1780172100, ""ema20"": 75.51053264589855, ""ema50"": 75.50923413051481, ""rsi20"": 50.4199417943499}, {""stage"": ""entry"", ""timeframe"": ""5m"", ""closeTime"": 1780172400, ""ema20"": 75.52230667855316, ""ema50"": 75.51316608179422, ""rsi20"": 53.35294499693685}]"
Research,119,-1,1780203300,1780203600,1780203600,1780203600,75.355,75.4,75.265,75.415,21.546112886236862,8.118036682711894,2.917020493103214,-2.9170204931032266,1.6242537199289662,0.0,-0.3593258576073314,stop,"[{""stage"": ""direction"", ""timeframe"": ""1h"", ""closeTime"": 1780203600, ""ema20"": 75.45860901303826, ""ema50"": 75.46410954912417, ""rsi20"": null}, {""stage"": ""setup"", ""timeframe"": ""15m"", ""closeTime"": 1780203600, ""ema20"": 75.39751677085238, ""ema50"": 75.44074657654326, ""rsi20"": 43.28811145419073}, {""stage"": ""entry"", ""timeframe"": ""5m"", ""closeTime"": 1780203600, ""ema20"": 75.37945703913758, ""ema50"": 75.39376463948669, ""rsi20"": 46.43494680236335}]"
Research,120,1,1780219500,1780219800,1780219800,1780219800,75.515,75.48,75.585,75.465,21.46183296099153,8.103451580246377,2.693245418274754,-2.693245418274766,1.6201537702252506,0.0,-0.3323578097066733,stop,"[{""stage"": ""direction"", ""timeframe"": ""1h"", ""closeTime"": 1780218000, ""ema20"": 75.46939539177687, ""ema50"": 75.46779604817367, ""rsi20"": null}, {""stage"": ""setup"", ""timeframe"": ""15m"", ""closeTime"": 1780219800, ""ema20"": 75.4677147652043, ""ema50"": 75.4568369218425, ""rsi20"": 54.77542742058291}, {""stage"": ""entry"", ""timeframe"": ""5m"", ""closeTime"": 1780219800, ""ema20"": 75.49541272784728, ""ema50"": 75.4733939486444, ""rsi20"": 52.94747253656998}]"
Research,121,1,1780277100,1780277400,1780277400,1780277700,75.575,75.46,75.80500000000002,75.445,21.409157401667226,8.089985353155004,4.399795937616826,-4.3997959376168385,1.6166054753998922,0.0,-0.5438570956004224,stop,"[{""stage"": ""direction"", ""timeframe"": ""1h"", ""closeTime"": 1780275600, ""ema20"": 75.46763717419974, ""ema50"": 75.46309649899595, ""rsi20"": null}, {""stage"": ""setup"", ""timeframe"": ""15m"", ""closeTime"": 1780277400, ""ema20"": 75.47655144379412, ""ema50"": 75.44410914220626, ""rsi20"": 53.52589229508919}, {""stage"": ""entry"", ""timeframe"": ""5m"", ""closeTime"": 1780277400, ""ema20"": 75.47828122693394, ""ema50"": 75.45185347584963, ""rsi20"": 52.70491666867875}]"
Research,122,1,1780278000,1780278300,1780278300,1780285200,75.825,75.41,76.65500000000002,75.395,15.956935925845652,8.067986373466919,8.067986373466919,-8.06798637346693,1.2065039253531897,0.0,-1.0000000000000013,stop,"[{""stage"": ""direction"", ""timeframe"": ""1h"", ""closeTime"": 1780275600, ""ema20"": 75.46763717419974, ""ema50"": 75.46309649899595, ""rsi20"": null}, {""stage"": ""setup"", ""timeframe"": ""15m"", ""closeTime"": 1780278300, ""ema20"": 75.50735606819468, ""ema50"": 75.45806564643347, ""rsi20"": 59.00450482052809}, {""stage"": ""entry"", ""timeframe"": ""5m"", ""closeTime"": 1780278300, ""ema20"": 75.51970747603282, ""ema50"": 75.4725798492302, ""rsi20"": 56.661854935568584}]"
Research,123,1,1780391400,1780391700,1780391700,1780392000,76.665,76.51,76.97500000000001,76.495,20.942141633338768,8.027646441599584,5.163913283948697,-5.163913283948709,1.603749206281083,0.0,-0.64326615795996,stop,"[{""stage"": ""direction"", ""timeframe"": ""1h"", ""closeTime"": 1780390800, ""ema20"": 75.77194814191104, ""ema50"": 75.56921197605323, ""rsi20"": null}, {""stage"": ""setup"", ""timeframe"": ""15m"", ""closeTime"": 1780391700, ""ema20"": 76.47781178551028, ""ema50"": 75.99004429938462, ""rsi20"": 59.41864986395753}, {""stage"": ""entry"", ""timeframe"": ""5m"", ""closeTime"": 1780391700, ""ema20"": 76.70177806098803, ""ema50"": 76.54615943079904, ""rsi20"": 50.51907707479038}]"
Research,124,1,1780403100,1780403400,1780403400,1780403400,76.765,76.5,77.295,76.485,20.84759167636251,8.001826875179841,7.434772381582792,-7.434772381582803,1.5974467122012772,0.0,-0.9291343711326805,stop,"[{""stage"": ""direction"", ""timeframe"": ""1h"", ""closeTime"": 1780401600, ""ema20"": 75.94596396775378, ""ema50"": 75.66805225569868, ""rsi20"": null}, {""stage"": ""setup"", ""timeframe"": ""15m"", ""closeTime"": 1780403400, ""ema20"": 76.46750896508563, ""ema50"": 76.17890724767916, ""rsi20"": 59.153003319360096}, {""stage"": ""entry"", ""timeframe"": ""5m"", ""closeTime"": 1780403400, ""ema20"": 76.47203463630098, ""ema50"": 76.47173071350329, ""rsi20"": 60.488875402095324}]"
Research,125,-1,1780448400,1780448700,1780448700,1780455900,74.655,75.32,73.32500000000002,75.335,10.549279151877842,7.964653013271928,7.964653013271928,-7.964653013271933,0.7911431899950787,0.0,-1.0000000000000007,stop,"[{""stage"": ""direction"", ""timeframe"": ""1h"", ""closeTime"": 1780448400, ""ema20"": 75.51831546969534, ""ema50"": 75.5695528751376, ""rsi20"": null}, {""stage"": ""setup"", ""timeframe"": ""15m"", ""closeTime"": 1780448400, ""ema20"": 75.16465915516521, ""ema50"": 75.4099879828593, ""rsi20"": 48.71528592152679}, {""stage"": ""entry"", ""timeframe"": ""5m"", ""closeTime"": 1780448700, ""ema20"": 75.06628152806138, ""ema50"": 75.10158695315343, ""rsi20"": 38.66312293266856}]"
Research,126,-1,1780462500,1780462800,1780462800,1780463100,74.80499999999999,74.87,74.67499999999997,74.885,21.1879680454664,7.9248297482055685,3.2808509120004974,-3.2808509120005094,1.5858134683629326,0.0,-0.41399639061563404,stop,"[{""stage"": ""direction"", ""timeframe"": ""1h"", ""closeTime"": 1780462800, ""ema20"": 75.34349520172236, ""ema50"": 75.48356131386873, ""rsi20"": null}, {""stage"": ""setup"", ""timeframe"": ""15m"", ""closeTime"": 1780462800, ""ema20"": 75.02169761376227, ""ema50"": 75.1972157677374, ""rsi20"": 43.99861450557907}, {""stage"": ""entry"", ""timeframe"": ""5m"", ""closeTime"": 1780462800, ""ema20"": 75.0045555643191, ""ema50"": 75.01124815025521, ""rsi20"": 42.049782306796665}]"
Research,127,-1,1780560600,1780560900,1780560900,1780561500,73.265,73.44,72.915,73.455,21.58854976768052,7.9084254936455665,5.68556046681628,-5.685560466816293,1.5837360109570429,0.0,-0.7189244523305746,stop,"[{""stage"": ""direction"", ""timeframe"": ""1h"", ""closeTime"": 1780560000, ""ema20"": 73.6358370228594, ""ema50"": 74.25673820922663, ""rsi20"": null}, {""stage"": ""setup"", ""timeframe"": ""15m"", ""closeTime"": 1780560900, ""ema20"": 73.39163519793037, ""ema50"": 73.46836655532739, ""rsi20"": 47.09761849951224}, {""stage"": ""entry"", ""timeframe"": ""5m"", ""closeTime"": 1780560900, ""ema20"": 73.31555356369302, ""ema50"": 73.38278234661588, ""rsi20"": 47.0479309172313}]"
Research,128,-1,1780564200,1780564500,1780564500,1780565100,73.345,73.48,73.07499999999999,73.495,21.48748433106956,7.879997691311485,4.800733749247671,-4.800733749247684,1.577611099587127,0.0,-0.609230349717106,stop,"[{""stage"": ""direction"", ""timeframe"": ""1h"", ""closeTime"": 1780563600, ""ema20"": 73.61242397306327, ""ema50"": 74.22274847553146, ""rsi20"": null}, {""stage"": ""setup"", ""timeframe"": ""15m"", ""closeTime"": 1780564500, ""ema20"": 73.39636885160752, ""ema50"": 73.4594985287973, ""rsi20"": 48.468125785385126}, {""stage"": ""entry"", ""timeframe"": ""5m"", ""closeTime"": 1780564500, ""ema20"": 73.37753097194849, ""ema50"": 73.39007699347654, ""rsi20"": 49.14314337854672}]"
Research,129,-1,1780635600,1780635900,1780635900,1780637400,72.855,72.94,72.68500000000002,72.70000000000002,21.56610808473062,7.8559940225652465,3.728887918390213,1.7732193219964811,1.5695274311364829,0.0,0.2257154622194411,target,"[{""stage"": ""direction"", ""timeframe"": ""1h"", ""closeTime"": 1780635600, ""ema20"": 73.53480719998974, ""ema50"": 73.92127388584562, ""rsi20"": null}, {""stage"": ""setup"", ""timeframe"": ""15m"", ""closeTime"": 1780635600, ""ema20"": 73.02050508839808, ""ema50"": 73.40582543497378, ""rsi20"": 38.98234102292996}, {""stage"": ""entry"", ""timeframe"": ""5m"", ""closeTime"": 1780635900, ""ema20"": 72.80001347003002, ""ema50"": 72.94850180559979, ""rsi20"": 49.707120797962844}]"
Research,130,-1,1780642200,1780642500,1780642500,1780642500,72.535,72.65,72.30499999999998,72.665,21.68569688888186,7.864860119175229,4.393522189687663,-4.393522189687674,1.5743815941328232,0.0,-0.558626869787026,stop,"[{""stage"": ""direction"", ""timeframe"": ""1h"", ""closeTime"": 1780639200, ""ema20"": 73.42196841903834, ""ema50"": 73.85965530208696, ""rsi20"": null}, {""stage"": ""setup"", ""timeframe"": ""15m"", ""closeTime"": 1780641900, ""ema20"": 72.70589656951505, ""ema50"": 73.16480451823864, ""rsi20"": 38.44589384664447}, {""stage"": ""entry"", ""timeframe"": ""5m"", ""closeTime"": 1780642500, ""ema20"": 72.4453226606808, ""ema50"": 72.64290464828271, ""rsi20"": 49.793976111130505}]"
Research,131,-1,1780710300,1780710600,1780710600,1780719300,67.915,67.99,67.76500000000003,67.78000000000003,23.096201157996877,7.84289250822679,3.6482759349169243,1.5509676482618466,1.5670195080671936,0.0,0.19775454612376256,target,"[{""stage"": ""direction"", ""timeframe"": ""1h"", ""closeTime"": 1780707600, ""ema20"": 69.74577681549111, ""ema50"": 71.61410300038699, ""rsi20"": null}, {""stage"": ""setup"", ""timeframe"": ""15m"", ""closeTime"": 1780710300, ""ema20"": 68.03640659043418, ""ema50"": 68.83561825114417, ""rsi20"": 37.21242707233537}, {""stage"": ""entry"", ""timeframe"": ""5m"", ""closeTime"": 1780710600, ""ema20"": 67.96181586882157, ""ema50"": 67.99139943371303, ""rsi20"": 47.06975982421304}]"
Research,132,-1,1780740900,1780741200,1780741200,1780743600,67.765,67.83,67.635,67.845,23.170212783791335,7.8506473464681,3.424673300508226,-3.424673300508239,1.5710562778049715,0.0,-0.43622814137090915,stop,"[{""stage"": ""direction"", ""timeframe"": ""1h"", ""closeTime"": 1780740000, ""ema20"": 68.62616413337199, ""ema50"": 70.47696952550956, ""rsi20"": null}, {""stage"": ""setup"", ""timeframe"": ""15m"", ""closeTime"": 1780740900, ""ema20"": 67.89760268881216, ""ema50"": 68.11654939853754, ""rsi20"": 40.3290751778237}, {""stage"": ""entry"", ""timeframe"": ""5m"", ""closeTime"": 1780741200, ""ema20"": 67.88893173285918, ""ema50"": 67.89279441541495, ""rsi20"": 37.55030858336783}]"
Research,133,-1,1780874400,1780874700,1780874700,1780875000,67.845,67.98,67.57499999999999,67.995,23.09241353074083,7.833523979965559,5.032298756619161,-5.0322987566191735,1.5684367270079174,0.0,-0.6424054830864638,stop,"[{""stage"": ""direction"", ""timeframe"": ""1h"", ""closeTime"": 1780873200, ""ema20"": 68.13866173353235, ""ema50"": 68.67260053833232, ""rsi20"": null}, {""stage"": ""setup"", ""timeframe"": ""15m"", ""closeTime"": 1780874100, ""ema20"": 67.9092365382522, ""ema50"": 68.09967752000638, ""rsi20"": 46.45657697661407}, {""stage"": ""entry"", ""timeframe"": ""5m"", ""closeTime"": 1780874700, ""ema20"": 67.81139032314094, ""ema50"": 67.90106476498075, ""rsi20"": 49.9070167317487}]"
Research,134,-1,1780881900,1780882200,1780882200,1780882800,67.385,67.76,66.635,67.775,17.06447503427261,7.808362486182463,7.808362486182462,-7.808362486182471,1.153217222816143,0.0,-1.000000000000001,stop,"[{""stage"": ""direction"", ""timeframe"": ""1h"", ""closeTime"": 1780880400, ""ema20"": 68.1823058635038, ""ema50"": 68.6498477095486, ""rsi20"": null}, {""stage"": ""setup"", ""timeframe"": ""15m"", ""closeTime"": 1780882200, ""ema20"": 68.00710338267568, ""ema50"": 68.10028008444205, ""rsi20"": 38.997795514077495}, {""stage"": ""entry"", ""timeframe"": ""5m"", ""closeTime"": 1780882200, ""ema20"": 68.00454645733286, ""ema50"": 68.03731871104856, ""rsi20"": 38.5971416577849}]"
Research,135,-1,1780893600,1780893900,1780893900,1780893900,67.695,67.86,67.36499999999998,67.875,22.95389814240801,7.769320673751551,5.687631651216712,-5.6876316512167255,1.555929985583127,0.0,-0.7320629293153316,stop,"[{""stage"": ""direction"", ""timeframe"": ""1h"", ""closeTime"": 1780891200, ""ema20"": 68.08945642131224, ""ema50"": 68.55641007742635, ""rsi20"": null}, {""stage"": ""setup"", ""timeframe"": ""15m"", ""closeTime"": 1780893900, ""ema20"": 67.83048352979925, ""ema50"": 67.96101682356544, ""rsi20"": 46.44101477690379}, {""stage"": ""entry"", ""timeframe"": ""5m"", ""closeTime"": 1780893900, ""ema20"": 67.80014781161914, ""ema50"": 67.81260620297253, ""rsi20"": 47.269236418227955}]"
Research,136,-1,1780970700,1780971000,1780971000,1780972200,67.895,68.02,67.645,68.035,22.802511276222013,7.740882515495468,4.742124257559511,-4.742124257559524,1.549772678888429,0.0,-0.61260770307092,stop,"[{""stage"": ""direction"", ""timeframe"": ""1h"", ""closeTime"": 1780970400, ""ema20"": 68.10615324351426, ""ema50"": 68.25350296755569, ""rsi20"": null}, {""stage"": ""setup"", ""timeframe"": ""15m"", ""closeTime"": 1780970400, ""ema20"": 68.06714636971327, ""ema50"": 68.12665543820616, ""rsi20"": 49.844942041632166}, {""stage"": ""entry"", ""timeframe"": ""5m"", ""closeTime"": 1780971000, ""ema20"": 67.99350918994242, ""ema50"": 68.02729679747458, ""rsi20"": 46.65339332252336}]"
Research,137,-1,1780978200,1780978500,1780978500,1780980300,67.905,68.07,67.57500000000002,68.085,22.729318589817154,7.71717189420767,5.636757363681524,-5.636757363681538,1.5454800175146175,0.0,-0.7304174950297992,stop,"[{""stage"": ""direction"", ""timeframe"": ""1h"", ""closeTime"": 1780977600, ""ema20"": 68.07011637394251, ""ema50"": 68.22655156674404, ""rsi20"": null}, {""stage"": ""setup"", ""timeframe"": ""15m"", ""closeTime"": 1780978500, ""ema20"": 67.97596533692295, ""ema50"": 68.06109188035126, ""rsi20"": 46.7326015705255}, {""stage"": ""entry"", ""timeframe"": ""5m"", ""closeTime"": 1780978500, ""ema20"": 67.93329095466231, ""ema50"": 67.94922236556556, ""rsi20"": 49.16757916739972}]"
Research,138,-1,1781050800,1781051100,1781051100,1781051400,65.025,65.16,64.75500000000002,64.77000000000002,23.649329050024644,7.688988107389263,5.086970678660086,4.495796575731866,1.5347823320239746,0.0,0.5847058823528835,target,"[{""stage"": ""direction"", ""timeframe"": ""1h"", ""closeTime"": 1781049600, ""ema20"": 66.42067332974476, ""ema50"": 67.32587429630141, ""rsi20"": null}, {""stage"": ""setup"", ""timeframe"": ""15m"", ""closeTime"": 1781050500, ""ema20"": 65.2542571571389, ""ema50"": 65.92054756474549, ""rsi20"": 40.590198304452684}, {""stage"": ""entry"", ""timeframe"": ""5m"", ""closeTime"": 1781051100, ""ema20"": 65.04114747393886, ""ema50"": 65.18890055514514, ""rsi20"": 46.845196618682}]"
Research,139,-1,1781055600,1781055900,1781055900,1781059800,64.625,64.94,63.995000000000005,64.01,19.533086173074206,7.711467090267923,7.711467090267922,10.756528726503838,1.2563192699367003,0.0,1.39487449023531,target,"[{""stage"": ""direction"", ""timeframe"": ""1h"", ""closeTime"": 1781053200, ""ema20"": 66.26156158405477, ""ema50"": 67.22485961801507, ""rsi20"": null}, {""stage"": ""setup"", ""timeframe"": ""15m"", ""closeTime"": 1781055900, ""ema20"": 64.9804505548077, ""ema50"": 65.64960469375444, ""rsi20"": 38.80527431565386}, {""stage"": ""entry"", ""timeframe"": ""5m"", ""closeTime"": 1781055900, ""ema20"": 64.73327728501997, ""ema50"": 64.9253804055777, ""rsi20"": 46.323501465588514}]"
Research,140,-1,1781148000,1781148300,1781148300,1781148300,63.245,63.28,63.17499999999999,63.295,24.556090549135714,7.765249733900442,2.7814683765006927,-2.781468376500707,1.5536638490438166,0.0,-0.358194323661963,stop,"[{""stage"": ""direction"", ""timeframe"": ""1h"", ""closeTime"": 1781146800, ""ema20"": 64.07370385749465, ""ema50"": 65.18353013581948, ""rsi20"": null}, {""stage"": ""setup"", ""timeframe"": ""15m"", ""closeTime"": 1781147700, ""ema20"": 63.53328779143411, ""ema50"": 63.786499335541684, ""rsi20"": 45.955723138614125}, {""stage"": ""entry"", ""timeframe"": ""5m"", ""closeTime"": 1781148300, ""ema20"": 63.50762029155058, ""ema50"": 63.52195667303872, ""rsi20"": 44.24063958576184}]"
Research,141,-1,1781149500,1781149800,1781149800,1781149800,63.485,63.62,63.215,63.635,24.419445198134795,7.751342392017938,5.2150167165136185,-5.215016716513632,1.5520999367934476,0.0,-0.6727888477593086,stop,"[{""stage"": ""direction"", ""timeframe"": ""1h"", ""closeTime"": 1781146800, ""ema20"": 64.07370385749465, ""ema50"": 65.18353013581948, ""rsi20"": null}, {""stage"": ""setup"", ""timeframe"": ""15m"", ""closeTime"": 1781149500, ""ema20"": 63.515049643328155, ""ema50"": 63.75894075533856, ""rsi20"": 49.23650442480762}, {""stage"": ""entry"", ""timeframe"": ""5m"", ""closeTime"": 1781149800, ""ema20"": 63.50633899511499, ""ema50"": 63.517676933401674, ""rsi20"": 49.57780442162935}]"
Research,142,1,1781234700,1781235000,1781235000,1781235000,67.385,67.3,67.55500000000002,67.285,22.928744701151203,7.725267308435369,3.836781494567319,-3.836781494567332,1.5439070244520163,0.0,-0.4966535579135075,stop,"[{""stage"": ""direction"", ""timeframe"": ""1h"", ""closeTime"": 1781233200, ""ema20"": 66.03762669409025, ""ema50"": 65.50396131493437, ""rsi20"": null}, {""stage"": ""setup"", ""timeframe"": ""15m"", ""closeTime"": 1781235000, ""ema20"": 67.15185130672597, ""ema50"": 66.55355709947192, ""rsi20"": 58.89271240423659}, {""stage"": ""entry"", ""timeframe"": ""5m"", ""closeTime"": 1781235000, ""ema20"": 67.17303215552725, ""ema50"": 67.16518863114352, ""rsi20"": 56.08896591781543}]"
Research,143,1,1781253600,1781253900,1781253900,1781256300,67.075,66.92,67.385,67.37,22.97751293615366,7.706083400962533,5.445440790739082,5.23376045281478,1.5446058633505895,0.0,0.6791725680208773,target,"[{""stage"": ""direction"", ""timeframe"": ""1h"", ""closeTime"": 1781251200, ""ema20"": 66.32452002034479, ""ema50"": 65.73688882279069, ""rsi20"": null}, {""stage"": ""setup"", ""timeframe"": ""15m"", ""closeTime"": 1781253900, ""ema20"": 66.79156499192183, ""ema50"": 66.68197957106183, ""rsi20"": 53.785731325587996}, {""stage"": ""entry"", ""timeframe"": ""5m"", ""closeTime"": 1781253900, ""ema20"": 66.75895216322066, ""ema50"": 66.7491898788277, ""rsi20"": 58.38124949429526}]"
Research,144,1,1781319300,1781319600,1781319600,1781321100,68.175,68.11,68.30499999999999,68.095,22.683541483613077,7.732252203226607,3.3602264176749714,-3.3602264176749843,1.545543098985977,0.0,-0.43457279061238957,stop,"[{""stage"": ""direction"", ""timeframe"": ""1h"", ""closeTime"": 1781319600, ""ema20"": 67.60567781997253, ""ema50"": 66.78122156545915, ""rsi20"": null}, {""stage"": ""setup"", ""timeframe"": ""15m"", ""closeTime"": 1781319600, ""ema20"": 68.09908574449047, ""ema50"": 67.87235468642146, ""rsi20"": 58.16377502813827}, {""stage"": ""entry"", ""timeframe"": ""5m"", ""closeTime"": 1781319600, ""ema20"": 68.15664165160901, ""ema50"": 68.11005383181819, ""rsi20"": 53.046033940321664}]"
Research,145,1,1781333700,1781334000,1781334000,1781343000,68.175,68.09,68.34499999999998,68.075,22.634253233995548,7.715451071138232,3.80538382496536,-3.9595909922485846,1.5419585015659467,0.15420716728321165,-0.5132027869453446,stop,"[{""stage"": ""direction"", ""timeframe"": ""1h"", ""closeTime"": 1781334000, ""ema20"": 67.76884353318134, ""ema50"": 66.9758067767359, ""rsi20"": null}, {""stage"": ""setup"", ""timeframe"": ""15m"", ""closeTime"": 1781334000, ""ema20"": 68.07924530089181, ""ema50"": 67.96595202608934, ""rsi20"": 57.885130376895226}, {""stage"": ""entry"", ""timeframe"": ""5m"", ""closeTime"": 1781334000, ""ema20"": 68.07732839145272, ""ema50"": 68.07330540124069, ""rsi20"": 62.55058411119082}]"
Research,146,1,1781397300,1781397600,1781397600,1781401800,68.185,68.14,68.275,68.125,22.572862407206834,7.69565311617699,2.8928251817956303,-2.892825181795643,1.5384534373631817,0.0,-0.37590379115641936,stop,"[{""stage"": ""direction"", ""timeframe"": ""1h"", ""closeTime"": 1781395200, ""ema20"": 68.0700434916785, ""ema50"": 67.548255831852, ""rsi20"": null}, {""stage"": ""setup"", ""timeframe"": ""15m"", ""closeTime"": 1781397000, ""ema20"": 68.12373651169229, ""ema50"": 68.11937855693954, ""rsi20"": 51.449584422131856}, {""stage"": ""entry"", ""timeframe"": ""5m"", ""closeTime"": 1781397600, ""ema20"": 68.12508756452843, ""ema50"": 68.12311015270059, ""rsi20"": 57.004806458184156}]"
Research,147,1,1781403900,1781404200,1781404200,1781407200,68.155,68.12,68.225,68.105,22.540353577193198,7.681188990268012,2.6626919680737555,-2.6626919680737684,1.5356742892141726,0.0,-0.34665101606631105,stop,"[{""stage"": ""direction"", ""timeframe"": ""1h"", ""closeTime"": 1781402400, ""ema20"": 68.08359569273456, ""ema50"": 67.59413389168652, ""rsi20"": null}, {""stage"": ""setup"", ""timeframe"": ""15m"", ""closeTime"": 1781404200, ""ema20"": 68.13765543068772, ""ema50"": 68.12786433496593, ""rsi20"": 50.78194945943059}, {""stage"": ""entry"", ""timeframe"": ""5m"", ""closeTime"": 1781404200, ""ema20"": 68.14194562719678, ""ema50"": 68.13788592583471, ""rsi20"": 50.104369460774244}]"
Research,148,1,1781496300,1781496600,1781496600,1781501700,70.44500000000001,70.34,70.65500000000002,70.325,21.769821933217806,7.667875530427643,4.144647548755758,-4.1446475487557715,1.5322689167695354,0.0,-0.5405209738093677,stop,"[{""stage"": ""direction"", ""timeframe"": ""1h"", ""closeTime"": 1781496000, ""ema20"": 69.17089355087067, ""ema50"": 68.436132435649, ""rsi20"": null}, {""stage"": ""setup"", ""timeframe"": ""15m"", ""closeTime"": 1781496000, ""ema20"": 70.21223081671282, ""ema50"": 69.51231038688518, ""rsi20"": 66.62370572404257}, {""stage"": ""entry"", ""timeframe"": ""5m"", ""closeTime"": 1781496600, ""ema20"": 70.46691709923815, ""ema50"": 70.3133487723239, ""rsi20"": 50.96448788538789}]"
Research,149,1,1781510700,1781511000,1781511000,1781511000,70.465,70.36,70.67500000000001,70.345,21.704824502047437,7.647152292683863,4.132707109312428,-4.132707109312441,1.5281281690666497,0.0,-0.5404243241325609,stop,"[{""stage"": ""direction"", ""timeframe"": ""1h"", ""closeTime"": 1781510400, ""ema20"": 69.53309834093314, ""ema50"": 68.7076587940494, ""rsi20"": null}, {""stage"": ""setup"", ""timeframe"": ""15m"", ""closeTime"": 1781510400, ""ema20"": 70.27798122518377, ""ema50"": 69.8898501521276, ""rsi20"": 57.799441480484475}, {""stage"": ""entry"", ""timeframe"": ""5m"", ""closeTime"": 1781511000, ""ema20"": 70.30281284800435, ""ema50"": 70.29442370636214, ""rsi20"": 55.736411233515575}]"
Research,150,1,1781608200,1781608500,1781608500,1781608800,70.525,70.44,70.69500000000002,70.425,21.62775967993563,7.6264887571373015,3.686992331437198,-3.686992331437211,1.5242163634434636,0.0,-0.48344558667141735,stop,"[{""stage"": ""direction"", ""timeframe"": ""1h"", ""closeTime"": 1781607600, ""ema20"": 70.12601265182775, ""ema50"": 69.70484953569569, ""rsi20"": null}, {""stage"": ""setup"", ""timeframe"": ""15m"", ""closeTime"": 1781608500, ""ema20"": 70.33826475109218, ""ema50"": 70.14439493210344, ""rsi20"": 59.595498638988}, {""stage"": ""entry"", ""timeframe"": ""5m"", ""closeTime"": 1781608500, ""ema20"": 70.52579155310076, ""ema50"": 70.37999154503656, ""rsi20"": 53.122741724396924}]"
Research,151,1,1781610000,1781610300,1781610300,1781611200,70.475,70.39,70.64499999999998,70.62999999999998,21.590787642369968,7.608053795480116,3.6796099839507668,1.8232880394287558,1.523284045138307,0.0,0.23965235899251353,target,"[{""stage"": ""direction"", ""timeframe"": ""1h"", ""closeTime"": 1781607600, ""ema20"": 70.12601265182775, ""ema50"": 69.70484953569569, ""rsi20"": null}, {""stage"": ""setup"", ""timeframe"": ""15m"", ""closeTime"": 1781610300, ""ema20"": 70.35957726790086, ""ema50"": 70.1683015117187, ""rsi20"": 58.015987915560345}, {""stage"": ""entry"", ""timeframe"": ""5m"", ""closeTime"": 1781610300, ""ema20"": 70.48826562085026, ""ema50"": 70.39385242563996, ""rsi20"": 51.37778652865681}]"
Research,152,1,1781668200,1781668500,1781668500,1781668500,70.305,70.22,70.47500000000002,70.205,21.668928911677007,7.617170235677261,3.689243491857741,-3.689243491857754,1.5223506006898684,0.0,-0.4843325510276894,stop,"[{""stage"": ""direction"", ""timeframe"": ""1h"", ""closeTime"": 1781665200, ""ema20"": 70.22115214625666, ""ema50"": 69.96688334555762, ""rsi20"": null}, {""stage"": ""setup"", ""timeframe"": ""15m"", ""closeTime"": 1781667900, ""ema20"": 70.27462500746995, ""ema50"": 70.24547062340557, ""rsi20"": 50.80521504033621}, {""stage"": ""entry"", ""timeframe"": ""5m"", ""closeTime"": 1781668500, ""ema20"": 70.27952736737555, ""ema50"": 70.27758190609799, ""rsi20"": 50.285577929246486}]"
Research,153,1,1781681700,1781682000,1781682000,1781682300,70.325,70.2,70.575,70.185,21.610306486222456,7.598724018217971,4.543674990260703,-4.5436749902607145,1.5182320821895587,0.0,-0.5979523640241751,stop,"[{""stage"": ""direction"", ""timeframe"": ""1h"", ""closeTime"": 1781679600, ""ema20"": 70.24573397325351, ""ema50"": 70.01477619029411, ""rsi20"": null}, {""stage"": ""setup"", ""timeframe"": ""15m"", ""closeTime"": 1781681400, ""ema20"": 70.25217452589217, ""ema50"": 70.23706742776837, ""rsi20"": 50.56701383887982}, {""stage"": ""entry"", ""timeframe"": ""5m"", ""closeTime"": 1781682000, ""ema20"": 70.28505504218612, ""ema50"": 70.26246650080554, ""rsi20"": 52.36898880893327}]"
Research,154,-1,1781761500,1781761800,1781761800,1781762400,68.695,68.95,68.18499999999997,68.965,22.056934691801928,7.576005643266667,7.473551181623461,-7.473551181623473,1.5181788148367266,0.0,-0.9864764538904149,stop,"[{""stage"": ""direction"", ""timeframe"": ""1h"", ""closeTime"": 1781758800, ""ema20"": 69.29205362644083, ""ema50"": 69.61211593269621, ""rsi20"": null}, {""stage"": ""setup"", ""timeframe"": ""15m"", ""closeTime"": 1781761500, ""ema20"": 69.10372113330467, ""ema50"": 69.15054285580347, ""rsi20"": 47.80150382441348}, {""stage"": ""entry"", ""timeframe"": ""5m"", ""closeTime"": 1781761800, ""ema20"": 69.1003367899482, ""ema50"": 69.12402758108959, ""rsi20"": 37.45362343262614}]"
Research,155,-1,1781767800,1781768100,1781768100,1781770200,68.80499999999999,69.0,68.41499999999998,68.42999999999998,21.913052503040625,7.53863788735855,6.111769473623223,6.864077435631511,1.5036188801273898,-0.15030162711835565,0.9105195843325754,target,"[{""stage"": ""direction"", ""timeframe"": ""1h"", ""closeTime"": 1781766000, ""ema20"": 69.2256946919391, ""ema50"": 69.55931962875957, ""rsi20"": null}, {""stage"": ""setup"", ""timeframe"": ""15m"", ""closeTime"": 1781767800, ""ema20"": 69.00689595177326, ""ema50"": 69.09044584152619, ""rsi20"": 49.27627341419158}, {""stage"": ""entry"", ""timeframe"": ""5m"", ""closeTime"": 1781768100, ""ema20"": 68.9399173264152, ""ema50"": 68.99831650230625, ""rsi20"": 42.75939147962536}]"
Research,156,-1,1781849700,1781850000,1781850000,1781850000,64.035,64.16,63.785,64.175,23.652559614388093,7.572958274536708,4.827605680094682,-4.827605680094695,1.5162473340803486,0.0,-0.6374795033965818,stop,"[{""stage"": ""direction"", ""timeframe"": ""1h"", ""closeTime"": 1781848800, ""ema20"": 65.72028618663946, ""ema50"": 67.28420609715464, ""rsi20"": null}, {""stage"": ""setup"", ""timeframe"": ""15m"", ""closeTime"": 1781849700, ""ema20"": 64.30010054010755, ""ema50"": 65.09099747198901, ""rsi20"": 36.91765300853786}, {""stage"": ""entry"", ""timeframe"": ""5m"", ""closeTime"": 1781850000, ""ema20"": 63.90391408406879, ""ema50"": 64.1774381367925, ""rsi20"": 49.641001740223246}]"
Research,157,-1,1781868300,1781868600,1781868600,1781868900,64.475,64.68,64.06499999999997,64.69500000000001,23.416270635552493,7.548820246136235,6.663919378818999,-6.6639193788190125,1.5123398389971578,0.0,-0.882776269872084,stop,"[{""stage"": ""direction"", ""timeframe"": ""1h"", ""closeTime"": 1781866800, ""ema20"": 65.4236907673076, ""ema50"": 66.86192055618874, ""rsi20"": null}, {""stage"": ""setup"", ""timeframe"": ""15m"", ""closeTime"": 1781868600, ""ema20"": 64.83970760689064, ""ema50"": 64.98890792672748, ""rsi20"": 41.8904127948613}, {""stage"": ""entry"", ""timeframe"": ""5m"", ""closeTime"": 1781868600, ""ema20"": 64.8579855747564, ""ema50"": 64.8795098354511, ""rsi20"": 33.3842596143229}]"
Research,158,-1,1782049500,1782049800,1782049800,1782049800,65.135,65.17,65.06500000000001,65.185,23.07668887462083,7.51550064924214,2.657511490801256,-2.6575114908012694,1.5036770470702936,0.0,-0.35360405312043336,stop,"[{""stage"": ""direction"", ""timeframe"": ""1h"", ""closeTime"": 1782046800, ""ema20"": 65.15034438121445, ""ema50"": 65.33141712844106, ""rsi20"": null}, {""stage"": ""setup"", ""timeframe"": ""15m"", ""closeTime"": 1782049500, ""ema20"": 65.16506036922333, ""ema50"": 65.1677323925017, ""rsi20"": 49.97146048794392}, {""stage"": ""entry"", ""timeframe"": ""5m"", ""closeTime"": 1782049800, ""ema20"": 65.158993062142, ""ema50"": 65.16295363418335, ""rsi20"": 46.910617794387605}]"
Research,159,-1,1782050400,1782050700,1782050700,1782050700,65.155,65.17,65.125,65.185,23.028817717099635,7.502213091788134,2.1916525821363853,-2.1916525821363986,1.5007880506233833,0.0,-0.29213414166219365,stop,"[{""stage"": ""direction"", ""timeframe"": ""1h"", ""closeTime"": 1782050400, ""ema20"": 65.15221634490831, ""ema50"": 65.32508704497279, ""rsi20"": null}, {""stage"": ""setup"", ""timeframe"": ""15m"", ""closeTime"": 1782050400, ""ema20"": 65.16553081024968, ""ema50"": 65.16782131828595, ""rsi20"": 49.97146048794392}, {""stage"": ""entry"", ""timeframe"": ""5m"", ""closeTime"": 1782050700, ""ema20"": 65.16167513370392, ""ema50"": 65.16372037985418, ""rsi20"": 49.741277195563995}]"
Research,160,1,1782104700,1782105000,1782105000,1782105900,65.725,65.6,65.975,65.96,22.79575451921629,7.491254828877452,4.688060895649427,3.8560728450843165,1.500929466931498,0.0,0.5147432483834141,target,"[{""stage"": ""direction"", ""timeframe"": ""1h"", ""closeTime"": 1782104400, ""ema20"": 65.29906227833835, ""ema50"": 65.29622273641506, ""rsi20"": null}, {""stage"": ""setup"", ""timeframe"": ""15m"", ""closeTime"": 1782104400, ""ema20"": 65.64463018754478, ""ema50"": 65.41069783376885, ""rsi20"": 53.14335327086651}, {""stage"": ""entry"", ""timeframe"": ""5m"", ""closeTime"": 1782105000, ""ema20"": 65.68484350246406, ""ema50"": 65.68053528914427, ""rsi20"": 50.624514332650314}]"
Research,161,1,1782118500,1782118800,1782118800,1782119100,66.295,66.2,66.485,66.47,22.657923502836937,7.510535193102874,3.993232438139956,2.4610470060693266,1.504089606927073,0.0,0.3276793121653131,target,"[{""stage"": ""direction"", ""timeframe"": ""1h"", ""closeTime"": 1782118800, ""ema20"": 65.66553172379479, ""ema50"": 65.46203246690058, ""rsi20"": null}, {""stage"": ""setup"", ""timeframe"": ""15m"", ""closeTime"": 1782118800, ""ema20"": 66.18732632672159, ""ema50"": 65.8522422543648, ""rsi20"": 56.02430434904697}, {""stage"": ""entry"", ""timeframe"": ""5m"", ""closeTime"": 1782118800, ""ema20"": 66.2321776812179, ""ema50"": 66.23087392693166, ""rsi20"": 50.5293912393502}]"
Research,162,-1,1782210900,1782211200,1782211200,1782212400,62.475,62.61,62.205000000000005,62.220000000000006,24.082722459009908,7.52284042813322,5.118782658662508,4.639596688534297,1.5014975385131204,0.0,0.6167346938775365,target,"[{""stage"": ""direction"", ""timeframe"": ""1h"", ""closeTime"": 1782208800, ""ema20"": 63.851259293253854, ""ema50"": 64.70587173596937, ""rsi20"": null}, {""stage"": ""setup"", ""timeframe"": ""15m"", ""closeTime"": 1782210600, ""ema20"": 62.61429397265979, ""ema50"": 63.32937840960623, ""rsi20"": 43.204711861431306}, {""stage"": ""entry"", ""timeframe"": ""5m"", ""closeTime"": 1782211200, ""ema20"": 62.54610879910612, ""ema50"": 62.55927473314625, ""rsi20"": 48.80570694672072}]"
Research,163,-1,1782220200,1782220500,1782220500,1782221400,62.135,62.32,61.76499999999999,62.335,24.28917167965202,7.546038411575892,6.369470935413603,-6.3694709354136165,1.5116365994831436,0.0,-0.8440814355838185,stop,"[{""stage"": ""direction"", ""timeframe"": ""1h"", ""closeTime"": 1782219600, ""ema20"": 63.41761877685219, ""ema50"": 64.42085987942089, ""rsi20"": null}, {""stage"": ""setup"", ""timeframe"": ""15m"", ""closeTime"": 1782220500, ""ema20"": 62.31549031036447, ""ema50"": 62.923035483649194, ""rsi20"": 38.84057909203914}, {""stage"": ""entry"", ""timeframe"": ""5m"", ""closeTime"": 1782220500, ""ema20"": 62.14942857900165, ""ema50"": 62.2771371304124, ""rsi20"": 47.33333957543897}]"
Research,164,-1,1782260400,1782260700,1782260700,1782261000,61.475,61.7,61.025,61.715,24.446331213985598,7.514191056898824,7.372891262482022,-7.372891262482035,1.505771771125443,0.0,-0.9811956079707262,stop,"[{""stage"": ""direction"", ""timeframe"": ""1h"", ""closeTime"": 1782259200, ""ema20"": 62.391473397903866, ""ema50"": 63.53094858028216, ""rsi20"": null}, {""stage"": ""setup"", ""timeframe"": ""15m"", ""closeTime"": 1782260100, ""ema20"": 61.69700667285095, ""ema50"": 61.99976837596002, ""rsi20"": 48.46828989767575}, {""stage"": ""entry"", ""timeframe"": ""5m"", ""closeTime"": 1782260700, ""ema20"": 61.57620773714717, ""ema50"": 61.65066025117624, ""rsi20"": 46.84138486484079}]"
Research,165,-1,1782262800,1782263100,1782263100,1782263400,61.055,61.64,59.885,61.655,11.306071021745362,7.477326600586414,7.477326600586414,-7.477326600586419,0.6936839875391867,0.0,-1.0000000000000007,stop,"[{""stage"": ""direction"", ""timeframe"": ""1h"", ""closeTime"": 1782262800, ""ema20"": 62.319904502865406, ""ema50"": 63.456793733996584, ""rsi20"": null}, {""stage"": ""setup"", ""timeframe"": ""15m"", ""closeTime"": 1782262800, ""ema20"": 61.68878617526019, ""ema50"": 61.96203594140504, ""rsi20"": 45.40687163867523}, {""stage"": ""entry"", ""timeframe"": ""5m"", ""closeTime"": 1782263100, ""ema20"": 61.57695139042058, ""ema50"": 61.6359318008095, ""rsi20"": 38.00414250065437}]"
Research,166,-1,1782347700,1782348000,1782348000,1782348000,57.375,57.48,57.165000000000006,57.495,25.934431259550266,7.4399399675834825,4.601675810538221,-4.601675810538235,1.4895440593922693,0.0,-0.6185098039215597,stop,"[{""stage"": ""direction"", ""timeframe"": ""1h"", ""closeTime"": 1782345600, ""ema20"": 58.968303070370744, ""ema50"": 60.866356350463526, ""rsi20"": null}, {""stage"": ""setup"", ""timeframe"": ""15m"", ""closeTime"": 1782347400, ""ema20"": 57.712816293155456, ""ema50"": 58.3053331004143, ""rsi20"": 42.96081912910158}, {""stage"": ""entry"", ""timeframe"": ""5m"", ""closeTime"": 1782348000, ""ema20"": 57.67570640706429, ""ema50"": 57.683053175587034, ""rsi20"": 40.028083391076954}]"
Research,167,-1,1782348900,1782349200,1782349200,1782349200,57.345,57.73,56.575,57.745,16.210277871096444,7.416931588530791,7.416931588530791,-7.416931588530799,0.9328204400922449,0.0,-1.000000000000001,stop,"[{""stage"": ""direction"", ""timeframe"": ""1h"", ""closeTime"": 1782349200, ""ema20"": 58.81703611128782, ""ema50"": 60.7296364935826, ""rsi20"": null}, {""stage"": ""setup"", ""timeframe"": ""15m"", ""closeTime"": 1782349200, ""ema20"": 57.66019655743565, ""ema50"": 58.23757200080536, ""rsi20"": 40.470516448508356}, {""stage"": ""entry"", ""timeframe"": ""5m"", ""closeTime"": 1782349200, ""ema20"": 57.60792948758504, ""ema50"": 57.65157218975124, ""rsi20"": 43.14991883629117}]"
Research,168,-1,1782453300,1782453600,1782453600,1782454800,56.735,56.92,56.364999999999995,56.935,26.015147371422007,7.379846930588137,6.681600375139231,-6.681600375139245,1.4785709008547698,0.0,-0.90538468317618,stop,"[{""stage"": ""direction"", ""timeframe"": ""1h"", ""closeTime"": 1782453600, ""ema20"": 57.45504898409852, ""ema50"": 58.514654868510156, ""rsi20"": null}, {""stage"": ""setup"", ""timeframe"": ""15m"", ""closeTime"": 1782453600, ""ema20"": 56.87595374957572, ""ema50"": 57.2890850609797, ""rsi20"": 41.80088044213115}, {""stage"": ""entry"", ""timeframe"": ""5m"", ""closeTime"": 1782453600, ""ema20"": 56.71437598241931, ""ema50"": 56.80304884373803, ""rsi20"": 49.868452491287414}]"
Research,169,1,1782520500,1782520800,1782520800,1782525300,59.235,59.2,59.30499999999999,59.185,24.804385679792155,7.346438928712441,2.7088869600900165,-2.7088869600900307,1.4686676761004935,0.0,-0.3687347007681174,stop,"[{""stage"": ""direction"", ""timeframe"": ""1h"", ""closeTime"": 1782518400, ""ema20"": 58.77636756242849, ""ema50"": 58.73446440511626, ""rsi20"": null}, {""stage"": ""setup"", ""timeframe"": ""15m"", ""closeTime"": 1782520200, ""ema20"": 59.17981422107366, ""ema50"": 58.975830414851536, ""rsi20"": 54.65903721514058}, {""stage"": ""entry"", ""timeframe"": ""5m"", ""closeTime"": 1782520800, ""ema20"": 59.23196644429089, ""ema50"": 59.18715443316703, ""rsi20"": 52.722952459285686}]"
Research,170,1,1782525600,1782525900,1782525900,1782531900,59.245,59.21,59.31499999999999,59.195,24.75447546261116,7.332894493911992,2.7036838100263068,-2.7036838100263205,1.465960036895833,0.0,-0.368706219934162,stop,"[{""stage"": ""direction"", ""timeframe"": ""1h"", ""closeTime"": 1782525600, ""ema20"": 58.85847775518523, ""ema50"": 58.772537115218825, ""rsi20"": null}, {""stage"": ""setup"", ""timeframe"": ""15m"", ""closeTime"": 1782525600, ""ema20"": 59.20732360213353, ""ema50"": 59.03248929852685, ""rsi20"": 53.4904475491783}, {""stage"": ""entry"", ""timeframe"": ""5m"", ""closeTime"": 1782525900, ""ema20"": 59.239797290350324, ""ema50"": 59.2146574659441, ""rsi20"": 50.579461674111606}]"
Research,171,-1,1782694800,1782695100,1782695100,1782695100,58.535,58.84,57.92499999999998,58.855000000000004,19.32789203676238,7.319376074861861,7.319376074861861,-7.3193760748618715,1.1344506230977678,0.0,-1.0000000000000016,stop,"[{""stage"": ""direction"", ""timeframe"": ""1h"", ""closeTime"": 1782694800, ""ema20"": 59.00400223693515, ""ema50"": 59.01428276812923, ""rsi20"": null}, {""stage"": ""setup"", ""timeframe"": ""15m"", ""closeTime"": 1782694800, ""ema20"": 58.84237596484558, ""ema50"": 58.9584125551589, ""rsi20"": 46.80822415736244}, {""stage"": ""entry"", ""timeframe"": ""5m"", ""closeTime"": 1782695100, ""ema20"": 58.65403739703965, ""ema50"": 58.7965992781681, ""rsi20"": 44.585388707735184}]"
Research,172,-1,1782697500,1782697800,1782697800,1782699300,58.515,58.77,58.004999999999995,58.785000000000004,22.159681102959063,7.282779194487552,7.282779194487553,-7.282779194487565,1.2996652966885494,0.0,-1.0000000000000018,stop,"[{""stage"": ""direction"", ""timeframe"": ""1h"", ""closeTime"": 1782694800, ""ema20"": 59.00400223693515, ""ema50"": 59.01428276812923, ""rsi20"": null}, {""stage"": ""setup"", ""timeframe"": ""15m"", ""closeTime"": 1782697500, ""ema20"": 58.78006875530459, ""ema50"": 58.91751919474327, ""rsi20"": 47.63297797815206}, {""stage"": ""entry"", ""timeframe"": ""5m"", ""closeTime"": 1782697800, ""ema20"": 58.61118537585447, ""ema50"": 58.73070375488325, ""rsi20"": 45.7283239428098}]"
Research,173,-1,1782789600,1782789900,1782789900,1782793800,57.595,57.85,57.084999999999994,57.865,22.11077807498568,7.246365298515114,7.246365298515114,-7.246365298515126,1.2764552182689235,0.0,-1.0000000000000018,stop,"[{""stage"": ""direction"", ""timeframe"": ""1h"", ""closeTime"": 1782788400, ""ema20"": 58.18344700240822, ""ema50"": 58.491543668474606, ""rsi20"": null}, {""stage"": ""setup"", ""timeframe"": ""15m"", ""closeTime"": 1782789300, ""ema20"": 57.777698890400224, ""ema50"": 58.04664843260235, ""rsi20"": 44.0042865955197}, {""stage"": ""entry"", ""timeframe"": ""5m"", ""closeTime"": 1782789900, ""ema20"": 57.56279688726232, ""ema50"": 57.7401051595303, ""rsi20"": 48.91499969672175}]"
Research,174,-1,1782796200,1782796500,1782796500,1782797400,57.595,57.71,57.364999999999995,57.379999999999995,25.037359048606785,7.210133472022538,4.698510799061599,3.9436970171437613,1.4393351783067825,0.0,0.546965882455086,target,"[{""stage"": ""direction"", ""timeframe"": ""1h"", ""closeTime"": 1782795600, ""ema20"": 58.07855865730015, ""ema50"": 58.4229205490225, ""rsi20"": null}, {""stage"": ""setup"", ""timeframe"": ""15m"", ""closeTime"": 1782796500, ""ema20"": 57.692968628040155, ""ema50"": 57.926579056190164, ""rsi20"": 46.00955296743513}, {""stage"": ""entry"", ""timeframe"": ""5m"", ""closeTime"": 1782796500, ""ema20"": 57.68227915436664, ""ema50"": 57.68721292649119, ""rsi20"": 48.57110747411592}]"
Research,175,1,1782927000,1782927300,1782927300,1782927900,60.185,60.07,60.415000000000006,60.055,24.025428120323195,7.2298519571082585,4.567714394235894,-4.5677143942359075,1.4444087385938307,0.0,-0.6317853285702502,stop,"[{""stage"": ""direction"", ""timeframe"": ""1h"", ""closeTime"": 1782925200, ""ema20"": 59.012725156158886, ""ema50"": 58.769645543527005, ""rsi20"": null}, {""stage"": ""setup"", ""timeframe"": ""15m"", ""closeTime"": 1782927000, ""ema20"": 59.92300234098089, ""ema50"": 59.276420092147944, ""rsi20"": 61.14454949581591}, {""stage"": ""entry"", ""timeframe"": ""5m"", ""closeTime"": 1782927300, ""ema20"": 60.18532001599852, ""ema50"": 60.02238808869243, ""rsi20"": 51.365621655180334}]"
Research,176,1,1782954000,1782954300,1782954300,1782970200,60.045,59.53,61.075,59.515,12.219833472035456,7.207013385137079,7.207013385137079,-7.207013385137085,0.7305016449582795,0.0,-1.0000000000000009,stop,"[{""stage"": ""direction"", ""timeframe"": ""1h"", ""closeTime"": 1782954000, ""ema20"": 59.253131511978786, ""ema50"": 58.96031854220702, ""rsi20"": null}, {""stage"": ""setup"", ""timeframe"": ""15m"", ""closeTime"": 1782954000, ""ema20"": 59.41455402867458, ""ema50"": 59.38579687364265, ""rsi20"": 52.97498171308534}, {""stage"": ""entry"", ""timeframe"": ""5m"", ""closeTime"": 1782954300, ""ema20"": 59.436121318903275, ""ema50"": 59.4186745651766, ""rsi20"": 67.54832543045994}]"
Research,177,1,1782972600,1782972900,1782972900,1782972900,60.065,60.04,60.114999999999995,60.025,23.87739388399698,7.170978318211393,2.388813871124444,-2.3888138711244573,1.4337181157645986,0.0,-0.3331224506784288,stop,"[{""stage"": ""direction"", ""timeframe"": ""1h"", ""closeTime"": 1782972000, ""ema20"": 59.582971572857566, ""ema50"": 59.16524960959813, ""rsi20"": null}, {""stage"": ""setup"", ""timeframe"": ""15m"", ""closeTime"": 1782972900, ""ema20"": 59.96190822242963, ""ema50"": 59.76128010548083, ""rsi20"": 54.75139685136957}, {""stage"": ""entry"", ""timeframe"": ""5m"", ""closeTime"": 1782972900, ""ema20"": 59.9844138018682, ""ema50"": 59.984217109878905, ""rsi20"": 51.248497718568785}]"
Research,178,1,1783058700,1783059000,1783059000,1783059000,62.435,62.33,62.64500000000001,62.315,22.93275966639151,7.15903424885577,4.182362044158243,-4.182362044158256,1.4304308841911706,0.0,-0.5842075758789287,stop,"[{""stage"": ""direction"", ""timeframe"": ""1h"", ""closeTime"": 1783058400, ""ema20"": 61.41159625099647, ""ema50"": 60.492080036399265, ""rsi20"": null}, {""stage"": ""setup"", ""timeframe"": ""15m"", ""closeTime"": 1783058400, ""ema20"": 62.252326464571354, ""ema50"": 61.745076478215125, ""rsi20"": 65.1280528010428}, {""stage"": ""entry"", ""timeframe"": ""5m"", ""closeTime"": 1783059000, ""ema20"": 62.42949857738041, ""ema50"": 62.31465785493972, ""rsi20"": 52.41355373423538}]"
Research,179,1,1783060200,1783060500,1783060500,1783063500,62.415,62.29,62.665,62.65,22.873099218569187,7.138122438634979,4.628257261381382,3.944866239478568,1.4303120768851778,0.0,0.5526476007370005,target,"[{""stage"": ""direction"", ""timeframe"": ""1h"", ""closeTime"": 1783058400, ""ema20"": 61.41159625099647, ""ema50"": 60.492080036399265, ""rsi20"": null}, {""stage"": ""setup"", ""timeframe"": ""15m"", ""closeTime"": 1783060200, ""ema20"": 62.263469056032335, ""ema50"": 61.7888614472105, ""rsi20"": 60.37560438110944}, {""stage"": ""entry"", ""timeframe"": ""5m"", ""closeTime"": 1783060500, ""ema20"": 62.38714111084742, ""ema50"": 62.315751616463295, ""rsi20"": 51.442488553283866}]"
Research,180,1,1783127700,1783128000,1783128000,1783128000,62.525,62.5,62.574999999999996,62.485,22.89595128295041,7.157846769832372,2.346949486258799,-2.3469494862588123,1.4311114349408154,0.0,-0.32788484606157264,stop,"[{""stage"": ""direction"", ""timeframe"": ""1h"", ""closeTime"": 1783126800, ""ema20"": 62.32572890136858, ""ema50"": 61.55749827984283, ""rsi20"": null}, {""stage"": ""setup"", ""timeframe"": ""15m"", ""closeTime"": 1783127700, ""ema20"": 62.49514098667574, ""ema50"": 62.443457470787685, ""rsi20"": 52.93356891824292}, {""stage"": ""entry"", ""timeframe"": ""5m"", ""closeTime"": 1783128000, ""ema20"": 62.51333695751112, ""ema50"": 62.50036343945449, ""rsi20"": 51.29877622782958}]"
Research,181,1,1783132500,1783132800,1783132800,1783132800,62.525,62.51,62.555,62.495,22.858415105641193,7.146112022401078,2.1146319814228796,-2.1146319814228924,1.4288795282536308,0.0,-0.29591363454618513,stop,"[{""stage"": ""direction"", ""timeframe"": ""1h"", ""closeTime"": 1783130400, ""ema20"": 62.34423091076205, ""ema50"": 61.59524344533919, ""rsi20"": null}, {""stage"": ""setup"", ""timeframe"": ""15m"", ""closeTime"": 1783132200, ""ema20"": 62.50444666328448, ""ema50"": 62.45702875382203, ""rsi20"": 54.48562777450233}, {""stage"": ""entry"", ""timeframe"": ""5m"", ""closeTime"": 1783132800, ""ema20"": 62.51687834966975, ""ema50"": 62.508198381787324, ""rsi20"": 53.13801410033891}]"
Research,182,1,1783213200,1783213500,1783213500,1783216800,62.885,62.84,62.97499999999999,62.825,22.693929752704026,7.135538862493964,2.7880627397683306,-2.7880627397683435,1.4264269546062116,0.0,-0.39072910869045135,stop,"[{""stage"": ""direction"", ""timeframe"": ""1h"", ""closeTime"": 1783213200, ""ema20"": 62.64101980110955, ""ema50"": 62.218684255069135, ""rsi20"": null}, {""stage"": ""setup"", ""timeframe"": ""15m"", ""closeTime"": 1783213200, ""ema20"": 62.81943946587341, ""ema50"": 62.71128264984095, ""rsi20"": 58.640161025447036}, {""stage"": ""entry"", ""timeframe"": ""5m"", ""closeTime"": 1783213500, ""ema20"": 62.88694130621884, ""ema50"": 62.837131047054044, ""rsi20"": 52.03152081714632}]"
Research,183,1,1783239900,1783240200,1783240200,1783242000,62.755,62.73,62.805000000000014,62.79000000000001,22.69651358073499,7.121598548795122,2.3317263227169382,-0.6303389234207176,1.4247168987466874,0.0,-0.08851087562740566,target,"[{""stage"": ""direction"", ""timeframe"": ""1h"", ""closeTime"": 1783238400, ""ema20"": 62.68186407664854, ""ema50"": 62.3419310910422, ""rsi20"": null}, {""stage"": ""setup"", ""timeframe"": ""15m"", ""closeTime"": 1783240200, ""ema20"": 62.724269195589784, ""ema50"": 62.71848123199542, ""rsi20"": 51.80333823260566}, {""stage"": ""entry"", ""timeframe"": ""5m"", ""closeTime"": 1783240200, ""ema20"": 62.719563667152194, ""ema50"": 62.718856985875306, ""rsi20"": 56.96420027633464}]"
Research,184,-1,1783332000,1783332300,1783332300,1783332600,61.975,62.07,61.785000000000004,62.085,22.971994688755203,7.118446854178019,3.951872246306531,-3.9518722463065448,1.4249528305434853,0.0,-0.5551593384429188,stop,"[{""stage"": ""direction"", ""timeframe"": ""1h"", ""closeTime"": 1783332000, ""ema20"": 62.38495908701817, ""ema50"": 62.451052749685125, ""rsi20"": null}, {""stage"": ""setup"", ""timeframe"": ""15m"", ""closeTime"": 1783332000, ""ema20"": 62.07825887042762, ""ema50"": 62.259765227374075, ""rsi20"": 46.77158804919217}, {""stage"": ""entry"", ""timeframe"": ""5m"", ""closeTime"": 1783332300, ""ema20"": 62.06473477476082, ""ema50"": 62.06872310199233, ""rsi20"": 46.41258349034189}]"
Research,185,-1,1783341600,1783341900,1783341900,1783342500,61.575,61.91,60.905000000000015,61.925,17.240285350204235,7.098687492946485,7.098687492946486,-7.098687492946496,1.0645876203751117,0.0,-1.0000000000000016,stop,"[{""stage"": ""direction"", ""timeframe"": ""1h"", ""closeTime"": 1783339200, ""ema20"": 62.354535669872014, ""ema50"": 62.43297103113955, ""rsi20"": null}, {""stage"": ""setup"", ""timeframe"": ""15m"", ""closeTime"": 1783341900, ""ema20"": 62.094604562362996, ""ema50"": 62.21030460908542, ""rsi20"": 36.606762286682326}, {""stage"": ""entry"", ""timeframe"": ""5m"", ""closeTime"": 1783341900, ""ema20"": 62.09612861293968, ""ema50"": 62.12095415925204, ""rsi20"": 29.422475707699306}]"
Research,186,-1,1783408800,1783409100,1783409100,1783409700,61.015,61.15,60.745000000000005,61.165,23.152320103193485,7.063194055481753,4.887223250583067,-4.88722325058308,1.4143752351040901,0.0,-0.69192821437351,stop,"[{""stage"": ""direction"", ""timeframe"": ""1h"", ""closeTime"": 1783407600, ""ema20"": 61.637571484875245, ""ema50"": 62.00568405879442, ""rsi20"": null}, {""stage"": ""setup"", ""timeframe"": ""15m"", ""closeTime"": 1783408500, ""ema20"": 61.12826932783675, ""ema50"": 61.44881699509958, ""rsi20"": 44.688774916509665}, {""stage"": ""entry"", ""timeframe"": ""5m"", ""closeTime"": 1783409100, ""ema20"": 61.04248724651389, ""ema50"": 61.08622599459484, ""rsi20"": 48.84009617713299}]"
Research,187,-1,1783410300,1783410600,1783410600,1783411500,60.935,61.1,60.605000000000004,61.115,23.102512313871625,7.038757939228837,5.568283030450889,-5.427542525434795,1.409830813954016,-0.14074050501610594,-0.7710937884631154,stop,"[{""stage"": ""direction"", ""timeframe"": ""1h"", ""closeTime"": 1783407600, ""ema20"": 61.637571484875245, ""ema50"": 62.00568405879442, ""rsi20"": null}, {""stage"": ""setup"", ""timeframe"": ""15m"", ""closeTime"": 1783410300, ""ema20"": 61.11760822528132, ""ema50"": 61.419673050839705, ""rsi20"": 43.925741518918706}, {""stage"": ""entry"", ""timeframe"": ""5m"", ""closeTime"": 1783410600, ""ema20"": 61.05019333963724, ""ema50"": 61.08250546663162, ""rsi20"": 46.24764877602927}]"
Research,188,-1,1783472700,1783473000,1783473000,1783473000,59.964999999999996,60.03,59.83499999999999,60.045,23.385709085638837,7.011620226601664,3.274116200534978,-3.2741162005349915,1.4032594736837585,0.0,-0.4669557241724519,stop,"[{""stage"": ""direction"", ""timeframe"": ""1h"", ""closeTime"": 1783472400, ""ema20"": 60.67368001872424, ""ema50"": 61.297275249159334, ""rsi20"": null}, {""stage"": ""setup"", ""timeframe"": ""15m"", ""closeTime"": 1783472400, ""ema20"": 60.06811963677478, ""ema50"": 60.42064369705771, ""rsi20"": 47.39198274305939}, {""stage"": ""entry"", ""timeframe"": ""5m"", ""closeTime"": 1783473000, ""ema20"": 60.017256421384886, ""ema50"": 60.03262467210596, ""rsi20"": 48.91418562666563}]"
Research,189,-1,1783473300,1783473600,1783473600,1783473600,59.995,60.11,59.76499999999999,60.125,23.319442105505424,6.995249645598989,4.4320931665724075,-4.432093166572421,1.4005656928566557,0.0,-0.6335861321776901,stop,"[{""stage"": ""direction"", ""timeframe"": ""1h"", ""closeTime"": 1783472400, ""ema20"": 60.67368001872424, ""ema50"": 61.297275249159334, ""rsi20"": null}, {""stage"": ""setup"", ""timeframe"": ""15m"", ""closeTime"": 1783473300, ""ema20"": 60.07115586184385, ""ema50"": 60.408069434428, ""rsi20"": 46.110553033255925}, {""stage"": ""entry"", ""timeframe"": ""5m"", ""closeTime"": 1783473600, ""ema20"": 60.02369516580486, ""ema50"": 60.03427598528505, ""rsi20"": 49.97084192811692}]"
Research,190,-1,1783558800,1783559100,1783559100,1783563600,58.185,58.45,57.655,58.465,20.610623453088344,6.973089179766126,6.973089179766126,-6.973089179766137,1.2021146129013778,0.0,-1.0000000000000016,stop,"[{""stage"": ""direction"", ""timeframe"": ""1h"", ""closeTime"": 1783558800, ""ema20"": 58.773369865399644, ""ema50"": 59.749341016200894, ""rsi20"": null}, {""stage"": ""setup"", ""timeframe"": ""15m"", ""closeTime"": 1783558800, ""ema20"": 58.443082099732514, ""ema50"": 58.543853731198396, ""rsi20"": 46.828840213672905}, {""stage"": ""entry"", ""timeframe"": ""5m"", ""closeTime"": 1783559100, ""ema20"": 58.431390724001886, ""ema50"": 58.43712453465385, ""rsi20"": 39.404535570196124}]"
Research,191,1,1783640400,1783640700,1783640700,1783640700,60.145,60.12,60.195000000000014,60.105,23.071655944358785,6.9382237338672965,2.310049551429054,-2.3100495514290675,1.387183313654572,0.0,-0.3329453819935364,stop,"[{""stage"": ""direction"", ""timeframe"": ""1h"", ""closeTime"": 1783638000, ""ema20"": 59.683222182446464, ""ema50"": 59.652905553320004, ""rsi20"": null}, {""stage"": ""setup"", ""timeframe"": ""15m"", ""closeTime"": 1783640700, ""ema20"": 60.06908885636909, ""ema50"": 59.905530711395805, ""rsi20"": 56.235367852523105}, {""stage"": ""entry"", ""timeframe"": ""5m"", ""closeTime"": 1783640700, ""ema20"": 60.067960067418184, ""ema50"": 60.064926737319965, ""rsi20"": 57.139922961516255}]"
Research,192,1,1783645200,1783645500,1783645500,1783645500,60.205,60.11,60.394999999999996,60.095,23.010293118877673,6.926673486110151,3.91520137417701,-3.915201374177023,1.384069131100492,0.0,-0.565235445560998,stop,"[{""stage"": ""direction"", ""timeframe"": ""1h"", ""closeTime"": 1783645200, ""ema20"": 59.77311385002987, ""ema50"": 59.69316656421427, ""rsi20"": null}, {""stage"": ""setup"", ""timeframe"": ""15m"", ""closeTime"": 1783645200, ""ema20"": 60.074450477147025, ""ema50"": 59.93667392360995, ""rsi20"": 59.63010478124887}, {""stage"": ""entry"", ""timeframe"": ""5m"", ""closeTime"": 1783645500, ""ema20"": 60.0641722215312, ""ema50"": 60.05775585780157, ""rsi20"": 59.12347375744634}]"
Research,193,1,1783734900,1783735200,1783735200,1783735200,59.955,59.94,59.985,59.925,23.040938968357153,6.907097479239265,2.0723020508140557,-2.0723020508140686,1.3810738817633277,0.0,-0.30002501876407683,stop,"[{""stage"": ""direction"", ""timeframe"": ""1h"", ""closeTime"": 1783735200, ""ema20"": 59.852323803792885, ""ema50"": 59.80582239427287, ""rsi20"": null}, {""stage"": ""setup"", ""timeframe"": ""15m"", ""closeTime"": 1783735200, ""ema20"": 59.920551994367436, ""ema50"": 59.877015177411906, ""rsi20"": 53.908091325171306}, {""stage"": ""entry"", ""timeframe"": ""5m"", ""closeTime"": 1783735200, ""ema20"": 59.947668918701766, ""ema50"": 59.92789937941029, ""rsi20"": 50.86332733014417}]"
Research,194,1,1783735500,1783735800,1783735800,1783735800,59.955,59.93,60.004999999999995,59.915,23.00637467762554,6.896735968985196,2.2991420534084757,-2.2991420534084885,1.3788870663034867,0.0,-0.3333666916854279,stop,"[{""stage"": ""direction"", ""timeframe"": ""1h"", ""closeTime"": 1783735200, ""ema20"": 59.852323803792885, ""ema50"": 59.80582239427287, ""rsi20"": null}, {""stage"": ""setup"", ""timeframe"": ""15m"", ""closeTime"": 1783735200, ""ema20"": 59.920551994367436, ""ema50"": 59.877015177411906, ""rsi20"": 53.908091325171306}, {""stage"": ""entry"", ""timeframe"": ""5m"", ""closeTime"": 1783735800, ""ema20"": 59.94541605363115, ""ema50"": 59.9284530603476, ""rsi20"": 50.90471897392444}]"
Research,195,-1,1783858800,1783859100,1783859100,1783859100,59.775,59.8,59.725,59.815,23.037190326116782,6.885240258718153,2.2989964085947916,-2.298996408594805,1.377508795550153,0.0,-0.3339021329987425,stop,"[{""stage"": ""direction"", ""timeframe"": ""1h"", ""closeTime"": 1783857600, ""ema20"": 59.82734277260115, ""ema50"": 59.83632909587514, ""rsi20"": null}, {""stage"": ""setup"", ""timeframe"": ""15m"", ""closeTime"": 1783858500, ""ema20"": 59.80265812506835, ""ema50"": 59.814726473862095, ""rsi20"": 47.366473473601076}, {""stage"": ""entry"", ""timeframe"": ""5m"", ""closeTime"": 1783859100, ""ema20"": 59.80043528737638, ""ema50"": 59.80073122865724, ""rsi20"": 45.84408617263016}]"
Research,196,-1,1783860000,1783860300,1783860300,1783860300,59.785,59.8,59.754999999999995,59.815,22.994882584846298,6.873745276675179,2.064940456119211,-2.0649404561192237,1.3750939785738086,0.0,-0.3004098017897504,stop,"[{""stage"": ""direction"", ""timeframe"": ""1h"", ""closeTime"": 1783857600, ""ema20"": 59.82734277260115, ""ema50"": 59.83632909587514, ""rsi20"": null}, {""stage"": ""setup"", ""timeframe"": ""15m"", ""closeTime"": 1783860300, ""ema20"": 59.80036186655255, ""ema50"": 59.81282516868239, ""rsi20"": 45.00530696686107}, {""stage"": ""entry"", ""timeframe"": ""5m"", ""closeTime"": 1783860300, ""ema20"": 59.798633938976955, ""ema50"": 59.79988313543005, ""rsi20"": 46.094445058699286}]"
Research,197,-1,1783902300,1783902600,1783902600,1783904400,59.065,59.25,58.69499999999999,58.709999999999994,23.2402288136615,6.863420574394582,6.023053900492636,6.8817222545854335,1.3685589742644915,0.0,1.0026665537966781,target,"[{""stage"": ""direction"", ""timeframe"": ""1h"", ""closeTime"": 1783900800, ""ema20"": 59.5914954907607, ""ema50"": 59.723168031281816, ""rsi20"": null}, {""stage"": ""setup"", ""timeframe"": ""15m"", ""closeTime"": 1783902600, ""ema20"": 59.219709030859725, ""ema50"": 59.454960217270724, ""rsi20"": 39.88186189247971}, {""stage"": ""entry"", ""timeframe"": ""5m"", ""closeTime"": 1783902600, ""ema20"": 59.05749881967614, ""ema50"": 59.17377460044897, ""rsi20"": 48.26857878883851}]"
Research,198,-1,1783907400,1783907700,1783907700,1783920600,58.825,59.21,58.05500000000001,58.07000000000001,15.027131824339719,6.89782918566751,6.89782918566751,10.467186240073323,0.8782982873030958,0.0,1.5174609226076976,target,"[{""stage"": ""direction"", ""timeframe"": ""1h"", ""closeTime"": 1783904400, ""ema20"": 59.522781634497775, ""ema50"": 59.68971046142763, ""rsi20"": null}, {""stage"": ""setup"", ""timeframe"": ""15m"", ""closeTime"": 1783907100, ""ema20"": 59.110300962587054, ""ema50"": 59.361716502942684, ""rsi20"": 42.79544142083181}, {""stage"": ""entry"", ""timeframe"": ""5m"", ""closeTime"": 1783907700, ""ema20"": 58.9536263393532, ""ema50"": 59.04757910863969, ""rsi20"": 46.31612544080687}]"
Research,199,-1,1783987200,1783987500,1783987500,1783991100,57.505,57.72,57.07500000000001,57.09000000000001,24.1644013520199,6.9501651168678755,6.9501651168678755,8.643666774620707,1.3845597864673604,0.0,1.2436635143592123,target,"[{""stage"": ""direction"", ""timeframe"": ""1h"", ""closeTime"": 1783987200, ""ema20"": 58.11782898901175, ""ema50"": 58.719236311825576, ""rsi20"": null}, {""stage"": ""setup"", ""timeframe"": ""15m"", ""closeTime"": 1783987200, ""ema20"": 57.697204278944874, ""ema50"": 57.90159914151333, ""rsi20"": 45.58035128761216}, {""stage"": ""entry"", ""timeframe"": ""5m"", ""closeTime"": 1783987500, ""ema20"": 57.62897176909729, ""ema50"": 57.6746630453716, ""rsi20"": 40.34122475963206}]"
Research,200,1,1784076000,1784076300,1784076300,1784076900,58.875,58.8,59.025000000000006,59.010000000000005,23.756716605489526,6.993383450740979,3.5357121323950738,1.806876473222141,1.4002802685190665,0.0,0.2583694267516097,target,"[{""stage"": ""direction"", ""timeframe"": ""1h"", ""closeTime"": 1784073600, ""ema20"": 58.62483489260628, ""ema50"": 58.61108202303946, ""rsi20"": null}, {""stage"": ""setup"", ""timeframe"": ""15m"", ""closeTime"": 1784076300, ""ema20"": 58.83916440178561, ""ema50"": 58.74731703850786, ""rsi20"": 52.524383300783086}, {""stage"": ""entry"", ""timeframe"": ""5m"", ""closeTime"": 1784076300, ""ema20"": 58.86726015713631, ""ema50"": 58.83693016399248, ""rsi20"": 51.35017508385705}]"
Research,201,-1,1784099100,1784099400,1784099400,1784100300,58.435,58.58,58.14500000000001,58.16000000000001,23.966519493820794,7.00241783310709,5.237044007192156,5.1936046906094955,1.397188170191018,0.0,0.741687344913122,target,"[{""stage"": ""direction"", ""timeframe"": ""1h"", ""closeTime"": 1784098800, ""ema20"": 58.60394275955913, ""ema50"": 58.60729663387748, ""rsi20"": null}, {""stage"": ""setup"", ""timeframe"": ""15m"", ""closeTime"": 1784098800, ""ema20"": 58.49116348294981, ""ema50"": 58.59223906541221, ""rsi20"": 46.253507661180734}, {""stage"": ""entry"", ""timeframe"": ""5m"", ""closeTime"": 1784099400, ""ema20"": 58.41143470305008, ""ema50"": 58.46977199162375, ""rsi20"": 49.73602060270164}]"
Research,202,-1,1784174400,1784174700,1784174700,1784175000,57.214999999999996,57.28,57.08499999999999,57.295,24.56833297757629,7.028385856560138,3.372126542837352,-3.3721265428373663,1.4066599046311306,0.0,-0.47978676920389896,stop,"[{""stage"": ""direction"", ""timeframe"": ""1h"", ""closeTime"": 1784174400, ""ema20"": 57.802367946696236, ""ema50"": 58.15067111480016, ""rsi20"": null}, {""stage"": ""setup"", ""timeframe"": ""15m"", ""closeTime"": 1784174400, ""ema20"": 57.37680222524577, ""ema50"": 57.637960419700846, ""rsi20"": 43.08803762587026}, {""stage"": ""entry"", ""timeframe"": ""5m"", ""closeTime"": 1784174700, ""ema20"": 57.200875279897524, ""ema50"": 57.3261034051264, ""rsi20"": 47.21864545773772}]"
Research,203,-1,1784175300,1784175600,1784175600,1784180400,57.185,57.3,56.95500000000001,57.315,24.52225312178351,7.0115252238459504,4.591791897053837,-4.5917918970538505,1.403898991222106,0.0,-0.6548920171373452,stop,"[{""stage"": ""direction"", ""timeframe"": ""1h"", ""closeTime"": 1784174400, ""ema20"": 57.802367946696236, ""ema50"": 58.15067111480016, ""rsi20"": null}, {""stage"": ""setup"", ""timeframe"": ""15m"", ""closeTime"": 1784175300, ""ema20"": 57.369487727603314, ""ema50"": 57.62470706990866, ""rsi20"": 43.647531578778896}, {""stage"": ""entry"", ""timeframe"": ""5m"", ""closeTime"": 1784175600, ""ema20"": 57.208485427579866, ""ema50"": 57.31524767630637, ""rsi20"": 46.78199504184352}]"
Research,204,-1,1784246700,1784247000,1784247000,1784247300,55.635,55.72,55.464999999999996,55.735,25.12291278641388,6.988566264360681,3.9112606771528666,-3.911260677152881,1.398969398511457,0.0,-0.5596656780803502,stop,"[{""stage"": ""direction"", ""timeframe"": ""1h"", ""closeTime"": 1784246400, ""ema20"": 56.28535139343873, ""ema50"": 57.0833814426828, ""rsi20"": null}, {""stage"": ""setup"", ""timeframe"": ""15m"", ""closeTime"": 1784246400, ""ema20"": 55.71306738554009, ""ema50"": 55.997058214752634, ""rsi20"": 43.12340105177844}, {""stage"": ""entry"", ""timeframe"": ""5m"", ""closeTime"": 1784247000, ""ema20"": 55.63596162981757, ""ema50"": 55.68139926110575, ""rsi20"": 49.23406844223284}]"
Research,205,-1,1784247600,1784247900,1784247900,1784249100,55.595,55.7,55.38499999999999,55.715,25.070635708156914,6.969009960974918,4.4037825153164025,-4.403782515316417,1.395306230337473,0.0,-0.6319093443655168,stop,"[{""stage"": ""direction"", ""timeframe"": ""1h"", ""closeTime"": 1784246400, ""ema20"": 56.28535139343873, ""ema50"": 57.0833814426828, ""rsi20"": null}, {""stage"": ""setup"", ""timeframe"": ""15m"", ""closeTime"": 1784247300, ""ema20"": 55.69944192025056, ""ema50"": 55.98031083378194, ""rsi20"": 40.146739553148535}, {""stage"": ""entry"", ""timeframe"": ""5m"", ""closeTime"": 1784247900, ""ema20"": 55.633093706826344, ""ema50"": 55.674906044204945, ""rsi20"": 47.8434051824437}]"
Research,206,-1,1784471700,1784472000,1784472000,1784473500,56.005,56.04,55.93500000000001,56.055,24.80846727398745,6.946991048398336,2.630441785060805,-2.630441785060819,1.3900184213615168,0.0,-0.37864476386035945,stop,"[{""stage"": ""direction"", ""timeframe"": ""1h"", ""closeTime"": 1784469600, ""ema20"": 56.06345890505941, ""ema50"": 56.12254061946834, ""rsi20"": null}, {""stage"": ""setup"", ""timeframe"": ""15m"", ""closeTime"": 1784471400, ""ema20"": 56.03785223714149, ""ema50"": 56.05607026872163, ""rsi20"": 46.1561294333884}, {""stage"": ""entry"", ""timeframe"": ""5m"", ""closeTime"": 1784472000, ""ema20"": 56.036578136402724, ""ema50"": 56.0369669931385, ""rsi20"": 45.355463688923365}]"
Research,207,-1,1784474100,1784474400,1784474400,1784474700,56.015,56.04,55.965,56.055,24.757078780587456,6.933838839473032,2.377546060693681,-2.377546060693695,1.3872629094702182,0.0,-0.34289029724180714,stop,"[{""stage"": ""direction"", ""timeframe"": ""1h"", ""closeTime"": 1784473200, ""ema20"": 56.05931996172042, ""ema50"": 56.11851941870488, ""rsi20"": null}, {""stage"": ""setup"", ""timeframe"": ""15m"", ""closeTime"": 1784474100, ""ema20"": 56.03512671358963, ""ema50"": 56.05277526023047, ""rsi20"": 48.50893505135878}, {""stage"": ""entry"", ""timeframe"": ""5m"", ""closeTime"": 1784474400, ""ema20"": 56.03220144493925, ""ema50"": 56.034498229860944, ""rsi20"": 49.112888662727144}]"
Research,208,1,1784533800,1784534100,1784534100,1784534100,56.985,56.98,56.995000000000005,56.964999999999996,24.29394089381263,6.921951109169563,1.8700261003012892,-1.870026100301303,1.3841472824249745,0.0,-0.2701588137229205,stop,"[{""stage"": ""direction"", ""timeframe"": ""1h"", ""closeTime"": 1784530800, ""ema20"": 56.41014963138173, ""ema50"": 56.249742406396905, ""rsi20"": null}, {""stage"": ""setup"", ""timeframe"": ""15m"", ""closeTime"": 1784533500, ""ema20"": 56.75868565398747, ""ema50"": 56.5613282233711, ""rsi20"": 60.19669410342596}, {""stage"": ""entry"", ""timeframe"": ""5m"", ""closeTime"": 1784534100, ""ema20"": 56.80150683323109, ""ema50"": 56.79484932895442, ""rsi20"": 58.37792975583789}]"
Research,209,1,1784540100,1784540400,1784540400,1784540700,56.975,56.92,57.085,57.07,24.26538298786505,6.912600978668056,3.0802477164795827,0.9215385824216173,1.3836728014255348,0.0,0.1333128565160118,target,"[{""stage"": ""direction"", ""timeframe"": ""1h"", ""closeTime"": 1784538000, ""ema20"": 56.518331104146945, ""ema50"": 56.30809362466704, ""rsi20"": null}, {""stage"": ""setup"", ""timeframe"": ""15m"", ""closeTime"": 1784539800, ""ema20"": 56.88041231514566, ""ema50"": 56.67188002543179, ""rsi20"": 52.319634523184}, {""stage"": ""entry"", ""timeframe"": ""5m"", ""closeTime"": 1784540400, ""ema20"": 56.9491521330543, ""ema50"": 56.9132435418417, ""rsi20"": 51.08596269608541}]"
Research,210,1,1784631000,1784631300,1784631300,1784631300,59.095,59.02,59.24499999999999,59.005,23.410470163567695,6.917208671580164,3.4893305778796653,-3.4893305778796786,1.3823882631586724,0.0,-0.5044420001692066,stop,"[{""stage"": ""direction"", ""timeframe"": ""1h"", ""closeTime"": 1784628000, ""ema20"": 57.76983691520922, ""ema50"": 57.09253141720075, ""rsi20"": null}, {""stage"": ""setup"", ""timeframe"": ""15m"", ""closeTime"": 1784630700, ""ema20"": 58.891278399125035, ""ema50"": 58.21921626524655, ""rsi20"": 71.43279897539644}, {""stage"": ""entry"", ""timeframe"": ""5m"", ""closeTime"": 1784631300, ""ema20"": 59.151354832447225, ""ema50"": 58.98928086691083, ""rsi20"": 50.955895996424864}]"
Research,211,1,1784635200,1784635500,1784635500,1784636100,59.055,58.93,59.305,58.915,23.36724077111427,6.899762018690766,4.649730404840173,-4.649730404840186,1.3783166968841751,0.0,-0.6738972144610975,stop,"[{""stage"": ""direction"", ""timeframe"": ""1h"", ""closeTime"": 1784635200, ""ema20"": 57.98632908478578, ""ema50"": 57.23645825939985, ""rsi20"": null}, {""stage"": ""setup"", ""timeframe"": ""15m"", ""closeTime"": 1784635200, ""ema20"": 58.908412096761346, ""ema50"": 58.349501576365405, ""rsi20"": 62.22864385463945}, {""stage"": ""entry"", ""timeframe"": ""5m"", ""closeTime"": 1784635500, ""ema20"": 58.9893795179305, ""ema50"": 58.964907452448315, ""rsi20"": 51.80473373784904}]"
Research,212,1,1784694300,1784694600,1784694600,1784694600,59.795,59.74,59.905,59.725,23.00029556540368,6.876513366666566,2.984518352566775,-2.9845183525667878,1.374497662988524,0.0,-0.4340162220921491,stop,"[{""stage"": ""direction"", ""timeframe"": ""1h"", ""closeTime"": 1784692800, ""ema20"": 58.984658748523316, ""ema50"": 58.14018525238996, ""rsi20"": null}, {""stage"": ""setup"", ""timeframe"": ""15m"", ""closeTime"": 1784694600, ""ema20"": 59.654317713139115, ""ema50"": 59.30771612083577, ""rsi20"": 59.6078506686054}, {""stage"": ""entry"", ""timeframe"": ""5m"", ""closeTime"": 1784694600, ""ema20"": 59.82933896128931, ""ema50"": 59.69944599531267, ""rsi20"": 51.02336422500159}]"
Research,213,1,1784696100,1784696400,1784696400,1784697300,59.755,59.69,59.88500000000001,59.675,22.965746046033743,6.861590774903732,3.2086592088217154,-3.2086592088217287,1.371399525138905,0.0,-0.4676261400719786,stop,"[{""stage"": ""direction"", ""timeframe"": ""1h"", ""closeTime"": 1784696400, ""ema20"": 59.057548391521095, ""ema50"": 58.203315242492316, ""rsi20"": null}, {""stage"": ""setup"", ""timeframe"": ""15m"", ""closeTime"": 1784696400, ""ema20"": 59.670813366084396, ""ema50"": 59.34134809924132, ""rsi20"": 58.59953103782693}, {""stage"": ""entry"", ""timeframe"": ""5m"", ""closeTime"": 1784696400, ""ema20"": 59.7722620781868, ""ema50"": 59.69980886161524, ""rsi20"": 50.28467848624382}]"
Research,214,1,1784784900,1784785200,1784785200,1784785200,59.865,59.85,59.895,59.835,22.86994898140691,6.845547478859624,2.054864915979424,-2.054864915979437,1.3687664465372036,0.0,-0.30017539463793913,stop,"[{""stage"": ""direction"", ""timeframe"": ""1h"", ""closeTime"": 1784782800, ""ema20"": 59.726626419072446, ""ema50"": 59.177051972865165, ""rsi20"": null}, {""stage"": ""setup"", ""timeframe"": ""15m"", ""closeTime"": 1784784600, ""ema20"": 59.80486828896781, ""ema50"": 59.79756495368881, ""rsi20"": 50.19100704653346}, {""stage"": ""entry"", ""timeframe"": ""5m"", ""closeTime"": 1784785200, ""ema20"": 59.79702033834782, ""ema50"": 59.794331356372105, ""rsi20"": 52.66618523932393}]"
Research,215,-1,1784823300,1784823600,1784823600,1784823900,57.725,57.86,57.455000000000005,57.875,23.68219369174439,6.835273154279726,4.921159849144438,-4.921159849144451,1.3688307953828258,0.0,-0.7199653529666472,stop,"[{""stage"": ""direction"", ""timeframe"": ""1h"", ""closeTime"": 1784822400, ""ema20"": 58.82670657054877, ""ema50"": 58.93574617402081, ""rsi20"": null}, {""stage"": ""setup"", ""timeframe"": ""15m"", ""closeTime"": 1784823300, ""ema20"": 57.9772463570473, ""ema50"": 58.530217503136775, ""rsi20"": 41.35367204727167}, {""stage"": ""entry"", ""timeframe"": ""5m"", ""closeTime"": 1784823600, ""ema20"": 57.729479655439114, ""ema50"": 57.90345215660119, ""rsi20"": 47.17633069299588}]"
Research,216,-1,1784855400,1784855700,1784855700,1784857200,57.555,57.73,57.205000000000005,57.745,23.666640100891332,6.810667355034004,5.861043420985672,-5.861043420985685,1.3643818018163854,0.0,-0.8605681522022335,stop,"[{""stage"": ""direction"", ""timeframe"": ""1h"", ""closeTime"": 1784854800, ""ema20"": 58.1778441772254, ""ema50"": 58.571329690679555, ""rsi20"": null}, {""stage"": ""setup"", ""timeframe"": ""15m"", ""closeTime"": 1784855700, ""ema20"": 57.699978756574616, ""ema50"": 57.89291895569468, ""rsi20"": 43.54323727998808}, {""stage"": ""entry"", ""timeframe"": ""5m"", ""closeTime"": 1784855700, ""ema20"": 57.694744289457375, ""ema50"": 57.69848519649373, ""rsi20"": 42.60643733999213}]"
Research,217,-1,1784861100,1784861400,1784861400,1784869800,57.225,57.61,56.455000000000005,57.625,14.825079822766801,6.781362137929075,6.781362137929075,-6.781362137929083,0.8513302088223836,0.0,-1.000000000000001,stop,"[{""stage"": ""direction"", ""timeframe"": ""1h"", ""closeTime"": 1784858400, ""ema20"": 58.13614473177537, ""ema50"": 58.53872852633918, ""rsi20"": null}, {""stage"": ""setup"", ""timeframe"": ""15m"", ""closeTime"": 1784861100, ""ema20"": 57.709346417851144, ""ema50"": 57.85633747507533, ""rsi20"": 45.8196138743848}, {""stage"": ""entry"", ""timeframe"": ""5m"", ""closeTime"": 1784861400, ""ema20"": 57.66325537218613, ""ema50"": 57.687090895571565, ""rsi20"": 32.54487807471011}]"
Research,218,-1,1784984100,1784984400,1784984400,1784984400,58.335,58.35,58.305,58.365,23.13347159420392,6.747455327239429,2.0438422153479294,-2.0438422153479427,1.349838067521799,0.0,-0.30290563126768194,stop,"[{""stage"": ""direction"", ""timeframe"": ""1h"", ""closeTime"": 1784984400, ""ema20"": 58.366373556149355, ""ema50"": 58.39426514580684, ""rsi20"": null}, {""stage"": ""setup"", ""timeframe"": ""15m"", ""closeTime"": 1784984400, ""ema20"": 58.355833315469745, ""ema50"": 58.371783853325496, ""rsi20"": 43.21054035433561}, {""stage"": ""entry"", ""timeframe"": ""5m"", ""closeTime"": 1784984400, ""ema20"": 58.33922855397744, ""ema50"": 58.352196499173424, ""rsi20"": 45.88510828223374}]"
Research,219,1,1785014100,1785014400,1785014400,1785016200,58.525,58.48,58.615,58.464999999999996,23.02344678739919,6.737236116162689,2.7281633270729064,-2.7281633270729193,1.3467565198289155,0.0,-0.40493806065784627,stop,"[{""stage"": ""direction"", ""timeframe"": ""1h"", ""closeTime"": 1785013200, ""ema20"": 58.4272997103197, ""ema50"": 58.41579885349127, ""rsi20"": null}, {""stage"": ""setup"", ""timeframe"": ""15m"", ""closeTime"": 1785014100, ""ema20"": 58.484544580907105, ""ema50"": 58.449584513278815, ""rsi20"": 53.05836210892597}, {""stage"": ""entry"", ""timeframe"": ""5m"", ""closeTime"": 1785014400, ""ema20"": 58.49772297828609, ""ema50"": 58.49169450212195, ""rsi20"": 56.26771385588172}]"
Research,220,1,1785036900,1785037200,1785037200,1785037200,58.555,58.53,58.605,58.515,22.965059515079236,6.723595299527324,2.2628621393182997,-2.262862139318313,1.3442597587151632,0.0,-0.33655537528818763,stop,"[{""stage"": ""direction"", ""timeframe"": ""1h"", ""closeTime"": 1785034800, ""ema20"": 58.475413066693726, ""ema50"": 58.44093292544682, ""rsi20"": null}, {""stage"": ""setup"", ""timeframe"": ""15m"", ""closeTime"": 1785036600, ""ema20"": 58.526839355440345, ""ema50"": 58.50181399614953, ""rsi20"": 55.60742809897077}, {""stage"": ""entry"", ""timeframe"": ""5m"", ""closeTime"": 1785037200, ""ema20"": 58.5281612819035, ""ema50"": 58.5274291530751, ""rsi20"": 57.30150475130225}]"
Research,221,1,1785049500,1785049800,1785049800,1785057600,58.615,58.55,58.74500000000001,58.73000000000001,22.902946306681677,6.712280988830733,3.173775784448524,1.1557857338937458,1.3437731171787808,0.13427997419607468,0.17218971253095317,target,"[{""stage"": ""direction"", ""timeframe"": ""1h"", ""closeTime"": 1785049200, ""ema20"": 58.5078148830199, ""ema50"": 58.46068115486129, ""rsi20"": null}, {""stage"": ""setup"", ""timeframe"": ""15m"", ""closeTime"": 1785049200, ""ema20"": 58.543769803130196, ""ema50"": 58.52312090280143, ""rsi20"": 51.14874384788003}, {""stage"": ""entry"", ""timeframe"": ""5m"", ""closeTime"": 1785049800, ""ema20"": 58.54378262700863, ""ema50"": 58.542923355496264, ""rsi20"": 58.0125119678569}]"
Research,222,1,1785116100,1785116400,1785116400,1785119400,59.845,59.58,60.375,59.565,19.776158483096186,6.718059917500201,6.718059917500201,-6.718059917500212,1.1807355422332577,0.0,-1.0000000000000016,stop,"[{""stage"": ""direction"", ""timeframe"": ""1h"", ""closeTime"": 1785114000, ""ema20"": 59.13562608713547, ""ema50"": 58.82628885708778, ""rsi20"": null}, {""stage"": ""setup"", ""timeframe"": ""15m"", ""closeTime"": 1785115800, ""ema20"": 59.57925917633388, ""ema50"": 59.323232933697724, ""rsi20"": 55.492320143246054}, {""stage"": ""entry"", ""timeframe"": ""5m"", ""closeTime"": 1785116400, ""ema20"": 59.74577124365341, ""ema50"": 59.64008753463597, ""rsi20"": 54.29518993654319}]"
Research,223,1,1785133800,1785134100,1785134100,1785134400,59.655,59.61,59.745000000000005,59.595,22.41042533874009,6.684469617912701,2.6808471311468214,-2.6808471311468343,1.336221610822378,0.0,-0.4010560724164019,stop,"[{""stage"": ""direction"", ""timeframe"": ""1h"", ""closeTime"": 1785132000, ""ema20"": 59.27931315575449, ""ema50"": 58.95015685843757, ""rsi20"": null}, {""stage"": ""setup"", ""timeframe"": ""15m"", ""closeTime"": 1785133800, ""ema20"": 59.48617733023477, ""ema50"": 59.41181352324121, ""rsi20"": 54.588937560525444}, {""stage"": ""entry"", ""timeframe"": ""5m"", ""closeTime"": 1785134100, ""ema20"": 59.48066484117009, ""ema50"": 59.47582512531849, ""rsi20"": 60.224026344370365}]"
Research,224,-1,1785232500,1785232800,1785232800,1785237300,57.255,57.42,56.925000000000004,57.435,23.302996706862167,6.671065382256967,5.530849753390182,-5.530849753390195,1.336310346155011,0.0,-0.8290804296567975,stop,"[{""stage"": ""direction"", ""timeframe"": ""1h"", ""closeTime"": 1785232800, ""ema20"": 57.94251546438634, ""ema50"": 58.40363239997125, ""rsi20"": null}, {""stage"": ""setup"", ""timeframe"": ""15m"", ""closeTime"": 1785232800, ""ema20"": 57.501638108855786, ""ema50"": 57.721149215034664, ""rsi20"": 40.122459608615}, {""stage"": ""entry"", ""timeframe"": ""5m"", ""closeTime"": 1785232800, ""ema20"": 57.50847790556716, ""ema50"": 57.51504072635171, ""rsi20"": 39.49057411870343}]"
Research,225,-1,1785237900,1785238200,1785238200,1785238200,57.345,57.4,57.235,57.415,23.16997518001575,6.643411133490016,2.9513914384303996,-2.951391438430413,1.3294931758293038,0.0,-0.44425843578341717,stop,"[{""stage"": ""direction"", ""timeframe"": ""1h"", ""closeTime"": 1785236400, ""ema20"": 57.8794187534924, ""ema50"": 58.359568384286106, ""rsi20"": null}, {""stage"": ""setup"", ""timeframe"": ""15m"", ""closeTime"": 1785238200, ""ema20"": 57.40526524400345, ""ema50"": 57.628743557628205, ""rsi20"": 45.030936551877446}, {""stage"": ""entry"", ""timeframe"": ""5m"", ""closeTime"": 1785238200, ""ema20"": 57.34874972718796, ""ema50"": 57.41127294056611, ""rsi20"": 48.52424135257479}]"
Research,226,-1,1785342600,1785342900,1785342900,1785343800,57.144999999999996,57.21,57.014999999999986,57.225,23.199419638806067,6.6286541762978635,3.1826123831497224,-3.1826123831497357,1.326658812045125,0.0,-0.48012949514395104,stop,"[{""stage"": ""direction"", ""timeframe"": ""1h"", ""closeTime"": 1785340800, ""ema20"": 57.50191660714194, ""ema50"": 57.7527234421741, ""rsi20"": null}, {""stage"": ""setup"", ""timeframe"": ""15m"", ""closeTime"": 1785342600, ""ema20"": 57.24757062310357, ""ema50"": 57.44002848780509, ""rsi20"": 45.03607687267499}, {""stage"": ""entry"", ""timeframe"": ""5m"", ""closeTime"": 1785342900, ""ema20"": 57.12012993384909, ""ema50"": 57.218910456289215, ""rsi20"": 49.78203069061845}]"
Research,227,-1,1785396300,1785396600,1785396600,1785396900,57.425,57.52,57.234999999999985,57.249999999999986,23.030878935592913,6.612741114382114,3.857211604133238,2.7098707927594634,1.3205330209695583,0.0,0.40979538528519427,target,"[{""stage"": ""direction"", ""timeframe"": ""1h"", ""closeTime"": 1785394800, ""ema20"": 57.72412242292432, ""ema50"": 57.799682219926666, ""rsi20"": null}, {""stage"": ""setup"", ""timeframe"": ""15m"", ""closeTime"": 1785396600, ""ema20"": 57.538360072498044, ""ema50"": 57.71994378120699, ""rsi20"": 45.035329973953424}, {""stage"": ""entry"", ""timeframe"": ""5m"", ""closeTime"": 1785396600, ""ema20"": 57.4392193949674, ""ema50"": 57.52092192805421, ""rsi20"": 48.764080998673315}]"
Research,228,1,1785421500,1785421800,1785421800,1785426000,58.245,58.04,58.654999999999994,58.63999999999999,22.753164969854623,6.626290468345912,6.3284515388904765,7.657748319341757,1.3297518437507287,0.0,1.155661430165666,target,"[{""stage"": ""direction"", ""timeframe"": ""1h"", ""closeTime"": 1785420000, ""ema20"": 57.88975318653602, ""ema50"": 57.850152969244704, ""rsi20"": null}, {""stage"": ""setup"", ""timeframe"": ""15m"", ""closeTime"": 1785421800, ""ema20"": 58.13257610579694, ""ema50"": 57.97119030648381, ""rsi20"": 53.97070354568918}, {""stage"": ""entry"", ""timeframe"": ""5m"", ""closeTime"": 1785421800, ""ema20"": 58.229097514868265, ""ema50"": 58.149432006895964, ""rsi20"": 50.964718078003656}]"
Research,229,-1,1785510000,1785510300,1785510300,1785510300,57.575,57.65,57.42500000000001,57.665,23.150948189118964,6.664579209942622,3.4175429716776433,-3.4175429716776557,1.3339576346570348,0.0,-0.5127920104211768,stop,"[{""stage"": ""direction"", ""timeframe"": ""1h"", ""closeTime"": 1785510000, ""ema20"": 58.18441061373104, ""ema50"": 58.200082609346, ""rsi20"": null}, {""stage"": ""setup"", ""timeframe"": ""15m"", ""closeTime"": 1785510000, ""ema20"": 57.7285914087319, ""ema50"": 58.068466049983904, ""rsi20"": 41.32976433149629}, {""stage"": ""entry"", ""timeframe"": ""5m"", ""closeTime"": 1785510300, ""ema20"": 57.555370303694986, ""ema50"": 57.68380816363987, ""rsi20"": 48.638411221187724}]"
Research,230,-1,1785511200,1785511500,1785511500,1785515400,57.525,57.67,57.23499999999999,57.685,23.11166099985827,6.6474914950842345,5.029212991874232,-4.896089824515061,1.3313472318968356,-0.13312316735918364,-0.7365319426336504,stop,"[{""stage"": ""direction"", ""timeframe"": ""1h"", ""closeTime"": 1785510000, ""ema20"": 58.18441061373104, ""ema50"": 58.200082609346, ""rsi20"": null}, {""stage"": ""setup"", ""timeframe"": ""15m"", ""closeTime"": 1785510900, ""ema20"": 57.721106512662196, ""ema50"": 58.0520556166512, ""rsi20"": 41.63500396516431}, {""stage"": ""entry"", ""timeframe"": ""5m"", ""closeTime"": 1785511500, ""ema20"": 57.57525112143517, ""ema50"": 57.67411829826774, ""rsi20"": 46.675026756620476}]"
Research,231,-1,1785553200,1785553500,1785553500,1785553500,57.855,57.86,57.84499999999999,57.875,22.89520714186037,6.6230110459616585,1.782735304101016,-1.7827353041010294,1.3248311612637504,0.0,-0.2691729323308379,stop,"[{""stage"": ""direction"", ""timeframe"": ""1h"", ""closeTime"": 1785553200, ""ema20"": 57.953019669864084, ""ema50"": 58.064971445973725, ""rsi20"": null}, {""stage"": ""setup"", ""timeframe"": ""15m"", ""closeTime"": 1785553200, ""ema20"": 57.88215346926969, ""ema50"": 57.89829996020341, ""rsi20"": 46.78577047172534}, {""stage"": ""entry"", ""timeframe"": ""5m"", ""closeTime"": 1785553500, ""ema20"": 57.88548082830183, ""ema50"": 57.88606821494119, ""rsi20"": 44.93964452094108}]"
Research,232,-1,1785554700,1785555000,1785555000,1785561300,57.845,57.89,57.754999999999995,57.905,22.868345991671376,6.614097369441154,2.6956062837683024,-2.6956062837683152,1.323505524267981,0.0,-0.40755467196819867,stop,"[{""stage"": ""direction"", ""timeframe"": ""1h"", ""closeTime"": 1785553200, ""ema20"": 57.953019669864084, ""ema50"": 58.064971445973725, ""rsi20"": null}, {""stage"": ""setup"", ""timeframe"": ""15m"", ""closeTime"": 1785555000, ""ema20"": 57.878905674390836, ""ema50"": 57.89571634157954, ""rsi20"": 47.67745434419603}, {""stage"": ""entry"", ""timeframe"": ""5m"", ""closeTime"": 1785555000, ""ema20"": 57.88146886511311, ""ema50"": 57.8841962448902, ""rsi20"": 43.59672052700603}]"
Validation,1,1,1785678900,1785679200,1785679200,1785682800,58.695,58.65,58.785000000000004,58.635,34.07445267910384,10.0,4.043444927165916,-4.043444927165934,1.9989777664196269,0.0,-0.40434449271659345,stop,"[{""stage"": ""direction"", ""timeframe"": ""1h"", ""closeTime"": 1785679200, ""ema20"": 58.4153333303361, ""ema50"": 58.211474456552175, ""rsi20"": null}, {""stage"": ""setup"", ""timeframe"": ""15m"", ""closeTime"": 1785679200, ""ema20"": 58.616907940951016, ""ema50"": 58.530402002934665, ""rsi20"": 56.986677808910606}, {""stage"": ""entry"", ""timeframe"": ""5m"", ""closeTime"": 1785679200, ""ema20"": 58.61724017952716, ""ema50"": 58.614769435123726, ""rsi20"": 61.83244018117019}]"
Validation,2,1,1785683100,1785683400,1785683400,1785683700,58.685,58.64,58.775000000000006,58.625,34.011358184763296,9.979782775364171,4.035617705413147,-4.035617705413166,1.994936214327291,0.0,-0.40437931328278864,stop,"[{""stage"": ""direction"", ""timeframe"": ""1h"", ""closeTime"": 1785682800, ""ema20"": 58.44149206078028, ""ema50"": 58.230240164138365, ""rsi20"": null}, {""stage"": ""setup"", ""timeframe"": ""15m"", ""closeTime"": 1785682800, ""ema20"": 58.64274463712484, ""ema50"": 58.55475601640213, ""rsi20"": 57.053260681207036}, {""stage"": ""entry"", ""timeframe"": ""5m"", ""closeTime"": 1785683400, ""ema20"": 58.66748471352794, ""ema50"": 58.645308401395056, ""rsi20"": 53.609843325978794}]"
Validation,3,-1,1785770700,1785771000,1785771000,1785771900,57.355,57.54,56.98499999999999,57.555,34.72968245780527,9.959604686837105,8.941330397174333,-8.941330397174355,1.9953939056132017,0.0,-0.8977595676052754,stop,"[{""stage"": ""direction"", ""timeframe"": ""1h"", ""closeTime"": 1785769200, ""ema20"": 58.13829212465038, ""ema50"": 58.25317814632874, ""rsi20"": null}, {""stage"": ""setup"", ""timeframe"": ""15m"", ""closeTime"": 1785771000, ""ema20"": 57.56433652692496, ""ema50"": 57.913698192949695, ""rsi20"": 39.90056601133277}, {""stage"": ""entry"", ""timeframe"": ""5m"", ""closeTime"": 1785771000, ""ema20"": 57.37384781638241, ""ema50"": 57.500796217929995, ""rsi20"": 47.656556637468846}]"
Validation,4,1,1785825600,1785825900,1785825900,1785827100,58.995,58.92,59.14499999999999,59.12999999999999,33.61267237851084,9.914898034851232,5.006607550779046,2.5524623087428613,1.9852484623557962,0.0,0.25743707093818435,target,"[{""stage"": ""direction"", ""timeframe"": ""1h"", ""closeTime"": 1785823200, ""ema20"": 58.4411726543444, ""ema50"": 58.328368349623304, ""rsi20"": null}, {""stage"": ""setup"", ""timeframe"": ""15m"", ""closeTime"": 1785825900, ""ema20"": 58.87480202934682, ""ema50"": 58.58286749219859, ""rsi20"": 59.090607625647536}, {""stage"": ""entry"", ""timeframe"": ""5m"", ""closeTime"": 1785825900, ""ema20"": 59.01222059556809, ""ema50"": 58.910751173816216, ""rsi20"": 50.87009648905637}]"
Validation,5,1,1785829500,1785829800,1785829800,1785830400,59.055,59.01,59.145,59.13,33.621743616611454,9.927660346394948,4.001828033967236,0.33620062529440164,1.9867928846646126,0.19863726128694048,0.03386504106342507,target,"[{""stage"": ""direction"", ""timeframe"": ""1h"", ""closeTime"": 1785826800, ""ema20"": 58.49629906821636, ""ema50"": 58.355491159441996, ""rsi20"": null}, {""stage"": ""setup"", ""timeframe"": ""15m"", ""closeTime"": 1785829500, ""ema20"": 58.92933332956179, ""ema50"": 58.65047688928887, ""rsi20"": 58.326314628959224}, {""stage"": ""entry"", ""timeframe"": ""5m"", ""closeTime"": 1785829800, ""ema20"": 59.05508791939662, ""ema50"": 58.974666892807406, ""rsi20"": 51.535854022968095}]"
Validation,6,1,1785890700,1785891000,1785891000,1785891000,59.725,59.7,59.775,59.76,33.25020125415293,9.929341349521419,3.31521131604527,-0.8226931045309924,1.9864501484262314,0.0,-0.08285475094182809,target,"[{""stage"": ""direction"", ""timeframe"": ""1h"", ""closeTime"": 1785888000, ""ema20"": 59.40768270069757, ""ema50"": 58.95655809805038, ""rsi20"": null}, {""stage"": ""setup"", ""timeframe"": ""15m"", ""closeTime"": 1785890700, ""ema20"": 59.63501788582896, ""ema50"": 59.57010544172316, ""rsi20"": 54.23774020795998}, {""stage"": ""entry"", ""timeframe"": ""5m"", ""closeTime"": 1785891000, ""ema20"": 59.635898963095414, ""ema50"": 59.63521489231857, ""rsi20"": 57.107655911602066}]"
Validation,7,1,1785918300,1785918600,1785918600,1785918600,61.645,61.53,61.87500000000001,61.515,32.201242222398456,9.925227883998764,6.169113984967161,-6.169113984967179,1.982952496055297,0.0,-0.6215589261091818,stop,"[{""stage"": ""direction"", ""timeframe"": ""1h"", ""closeTime"": 1785916800, ""ema20"": 60.349542322812184, ""ema50"": 59.52165434279034, ""rsi20"": null}, {""stage"": ""setup"", ""timeframe"": ""15m"", ""closeTime"": 1785918600, ""ema20"": 61.36827155024955, ""ema50"": 60.72418789918266, ""rsi20"": 66.4015584159651}, {""stage"": ""entry"", ""timeframe"": ""5m"", ""closeTime"": 1785918600, ""ema20"": 61.712050101011954, ""ema50"": 61.464043302383615, ""rsi20"": 51.99578875807315}]"
Validation,8,1,1785974700,1785975000,1785975000,1785975000,62.355000000000004,62.21,62.64500000000001,62.195,31.73565011329942,9.894382314073928,7.054041628933728,-7.054041628933747,1.9763376108057216,0.0,-0.7129340068960106,stop,"[{""stage"": ""direction"", ""timeframe"": ""1h"", ""closeTime"": 1785974400, ""ema20"": 61.76592316455169, ""ema50"": 60.727757204432855, ""rsi20"": null}, {""stage"": ""setup"", ""timeframe"": ""15m"", ""closeTime"": 1785974400, ""ema20"": 62.23313205019526, ""ema50"": 62.06559929947985, ""rsi20"": 55.45581579953024}, {""stage"": ""entry"", ""timeframe"": ""5m"", ""closeTime"": 1785975000, ""ema20"": 62.27660275140214, ""ema50"": 62.23759177815716, ""rsi20"": 56.781651149198375}]"
Validation,9,1,1785980700,1785981000,1785981000,1785986100,62.425,62.2,62.874999999999986,62.185,31.58706321483143,9.85911210592926,9.548927145159437,-9.548927145159453,1.9680319736000724,0.0,-0.9685382458950577,stop,"[{""stage"": ""direction"", ""timeframe"": ""1h"", ""closeTime"": 1785978000, ""ema20"": 61.860597148880096, ""ema50"": 60.807453000337446, ""rsi20"": null}, {""stage"": ""setup"", ""timeframe"": ""15m"", ""closeTime"": 1785980700, ""ema20"": 62.31714370759781, ""ema50"": 62.14822462401872, ""rsi20"": 51.64315642722972}, {""stage"": ""entry"", ""timeframe"": ""5m"", ""closeTime"": 1785981000, ""ema20"": 62.420805048264704, ""ema50"": 62.36180489178487, ""rsi20"": 50.552304206913746}]"
Validation,10,1,1786103100,1786103400,1786103400,1786103400,64.315,64.22,64.505,64.205,30.510355189935357,9.811367470203463,5.316734495398101,-5.3167344953981175,1.9605954245052462,0.0,-0.5418953587809979,stop,"[{""stage"": ""direction"", ""timeframe"": ""1h"", ""closeTime"": 1786100400, ""ema20"": 62.88831335576659, ""ema50"": 62.06319804836315, ""rsi20"": null}, {""stage"": ""setup"", ""timeframe"": ""15m"", ""closeTime"": 1786103100, ""ema20"": 64.09603954759743, ""ema50"": 63.353495469125704, ""rsi20"": 65.62910004406461}, {""stage"": ""entry"", ""timeframe"": ""5m"", ""closeTime"": 1786103400, ""ema20"": 64.33574959694423, ""ema50"": 64.19861001321637, ""rsi20"": 50.74529436458099}]"
Validation,11,1,1786104300,1786104600,1786104600,1786104900,64.295,64.13,64.62500000000001,64.115,30.437153115254596,9.784783797726472,7.432904976510939,-7.432904976510956,1.9542174157649215,0.0,-0.7596391632319988,stop,"[{""stage"": ""direction"", ""timeframe"": ""1h"", ""closeTime"": 1786104000, ""ema20"": 63.015140655217394, ""ema50"": 62.14777851705479, ""rsi20"": null}, {""stage"": ""setup"", ""timeframe"": ""15m"", ""closeTime"": 1786104000, ""ema20"": 64.1078453049691, ""ema50"": 63.38747603896391, ""rsi20"": 65.31305461487287}, {""stage"": ""entry"", ""timeframe"": ""5m"", ""closeTime"": 1786104600, ""ema20"": 64.31111287592807, ""ema50"": 64.20774890839161, ""rsi20"": 50.06754843716206}]"
Validation,12,1,1786153500,1786153800,1786153800,1786154400,64.075,63.97,64.28500000000001,63.955,30.425655162993102,9.747619272843917,5.5987769348182965,-5.598776934818314,1.9476983152590035,0.0,-0.5743737807257262,stop,"[{""stage"": ""direction"", ""timeframe"": ""1h"", ""closeTime"": 1786150800, ""ema20"": 63.58011740025424, ""ema50"": 62.80869273594356, ""rsi20"": null}, {""stage"": ""setup"", ""timeframe"": ""15m"", ""closeTime"": 1786153500, ""ema20"": 63.97046412471608, ""ema50"": 63.80383427449686, ""rsi20"": 53.55684689670084}, {""stage"": ""entry"", ""timeframe"": ""5m"", ""closeTime"": 1786153800, ""ema20"": 64.09913674187807, ""ema50"": 64.00822058481765, ""rsi20"": 51.07279617293247}]"
Validation,13,1,1786175700,1786176000,1786176000,1786176000,63.935,63.92,63.965,63.905,30.404709120731443,9.719625388169826,2.8556102806191146,-2.855610280619132,1.9434690069971539,0.0,-0.29379838898882027,stop,"[{""stage"": ""direction"", ""timeframe"": ""1h"", ""closeTime"": 1786176000, ""ema20"": 63.7283449820635, ""ema50"": 63.069539513457585, ""rsi20"": null}, {""stage"": ""setup"", ""timeframe"": ""15m"", ""closeTime"": 1786176000, ""ema20"": 63.86581485402993, ""ema50"": 63.83784944735513, ""rsi20"": 54.37150261135233}, {""stage"": ""entry"", ""timeframe"": ""5m"", ""closeTime"": 1786176000, ""ema20"": 63.86727799792536, ""ema50"": 63.86486171257386, ""rsi20"": 64.65850000899954}]"
Validation,14,1,1786249800,1786250100,1786250100,1786258200,63.915,63.87,64.005,63.855,30.369544979321688,9.70534733676673,3.762331079763319,-3.762331079763336,1.940158381003966,0.0,-0.3876554799342948,stop,"[{""stage"": ""direction"", ""timeframe"": ""1h"", ""closeTime"": 1786248000, ""ema20"": 63.84934417035921, ""ema50"": 63.50852170204724, ""rsi20"": null}, {""stage"": ""setup"", ""timeframe"": ""15m"", ""closeTime"": 1786249800, ""ema20"": 63.86882713998284, ""ema50"": 63.86606175700884, ""rsi20"": 50.52579011261509}, {""stage"": ""entry"", ""timeframe"": ""5m"", ""closeTime"": 1786250100, ""ema20"": 63.87141218896849, ""ema50"": 63.87003846920616, ""rsi20"": 63.67534896698777}]"
Validation,15,1,1786261500,1786261800,1786261800,1786263900,63.925,63.89,63.99499999999999,63.875,30.30593877627818,9.686535681367912,3.451846426617981,-3.6455619872759684,1.9365494878041756,0.19371556065797013,-0.37635353930386284,stop,"[{""stage"": ""direction"", ""timeframe"": ""1h"", ""closeTime"": 1786258800, ""ema20"": 63.85962549017318, ""ema50"": 63.55161898307707, ""rsi20"": null}, {""stage"": ""setup"", ""timeframe"": ""15m"", ""closeTime"": 1786261500, ""ema20"": 63.88456139430335, ""ema50"": 63.87640247010115, ""rsi20"": 52.25379898301828}, {""stage"": ""entry"", ""timeframe"": ""5m"", ""closeTime"": 1786261800, ""ema20"": 63.88771814340661, ""ema50"": 63.886229724515076, ""rsi20"": 59.83712082833096}]"
Validation,16,1,1786352100,1786352400,1786352400,1786354500,64.335,64.23,64.54499999999997,64.215,30.05613700608233,9.668307871431534,5.538594646795515,-5.538594646795531,1.9318582060659417,0.0,-0.5728608067148219,stop,"[{""stage"": ""direction"", ""timeframe"": ""1h"", ""closeTime"": 1786352400, ""ema20"": 63.968145987522156, ""ema50"": 63.79785378186829, ""rsi20"": null}, {""stage"": ""setup"", ""timeframe"": ""15m"", ""closeTime"": 1786352400, ""ema20"": 64.20928331887981, ""ema50"": 64.02482912435399, ""rsi20"": 56.51627168027617}, {""stage"": ""entry"", ""timeframe"": ""5m"", ""closeTime"": 1786352400, ""ema20"": 64.32907469028078, ""ema50"": 64.22615235065305, ""rsi20"": 51.67846386669308}]"
Validation,17,1,1786371900,1786372200,1786372200,1786373100,64.635,64.49,64.92500000000003,64.91000000000003,29.83094267253827,9.640614898197557,6.698687331832137,6.271284500691632,1.9322247342569856,0.0,0.650506691421118,target,"[{""stage"": ""direction"", ""timeframe"": ""1h"", ""closeTime"": 1786370400, ""ema20"": 63.98180459581131, ""ema50"": 63.83711464909227, ""rsi20"": null}, {""stage"": ""setup"", ""timeframe"": ""15m"", ""closeTime"": 1786372200, ""ema20"": 64.1291169587724, ""ema50"": 64.0813891232156, ""rsi20"": 61.064987789964604}, {""stage"": ""entry"", ""timeframe"": ""5m"", ""closeTime"": 1786372200, ""ema20"": 64.12533508533669, ""ema50"": 64.10688238729352, ""rsi20"": 64.38722621077255}]"
Validation,18,1,1786410300,1786410600,1786410600,1786412700,65.995,65.76,66.465,66.45,29.311224549438634,9.671971320701013,9.258536498431164,11.395544602269329,1.9410625677252,0.0,1.1782028941586433,target,"[{""stage"": ""direction"", ""timeframe"": ""1h"", ""closeTime"": 1786410000, ""ema20"": 65.11795499274096, ""ema50"": 64.47218324030771, ""rsi20"": null}, {""stage"": ""setup"", ""timeframe"": ""15m"", ""closeTime"": 1786410000, ""ema20"": 65.88444344655748, ""ema50"": 65.44447974758404, ""rsi20"": 58.087454375199655}, {""stage"": ""entry"", ""timeframe"": ""5m"", ""closeTime"": 1786410600, ""ema20"": 65.99592994829007, ""ema50"": 65.91850753656335, ""rsi20"": 50.70394163500164}]"
Validation,19,1,1786509000,1786509300,1786509300,1786512000,65.345,65.26,65.51499999999999,65.245,29.777179719067593,9.72894904371236,4.922018921663092,-4.922018921663108,1.9443009497565185,0.0,-0.505914760119349,stop,"[{""stage"": ""direction"", ""timeframe"": ""1h"", ""closeTime"": 1786507200, ""ema20"": 65.0738099790813, ""ema50"": 64.87064700199464, ""rsi20"": null}, {""stage"": ""setup"", ""timeframe"": ""15m"", ""closeTime"": 1786509000, ""ema20"": 65.26901335654874, ""ema50"": 65.12007864245166, ""rsi20"": 55.087688127297966}, {""stage"": ""entry"", ""timeframe"": ""5m"", ""closeTime"": 1786509300, ""ema20"": 65.38367190895644, ""ema50"": 65.29259819928839, ""rsi20"": 50.353135252198605}]"
Validation,20,1,1786514100,1786514400,1786514400,1786514400,65.385,65.26,65.635,65.245,29.68368570499057,9.704338949104043,6.09450593052014,-6.094505930520157,1.9387899318214594,0.0,-0.628018658713774,stop,"[{""stage"": ""direction"", ""timeframe"": ""1h"", ""closeTime"": 1786514400, ""ema20"": 65.13261996020034, ""ema50"": 64.91128929326764, ""rsi20"": null}, {""stage"": ""setup"", ""timeframe"": ""15m"", ""closeTime"": 1786514400, ""ema20"": 65.28685643086975, ""ema50"": 65.16129849950046, ""rsi20"": 54.94584593492694}, {""stage"": ""entry"", ""timeframe"": ""5m"", ""closeTime"": 1786514400, ""ema20"": 65.310954125505, ""ema50"": 65.30136629970748, ""rsi20"": 51.80047851140334}]"
Validation,21,-1,1786630200,1786630500,1786630500,1786630500,64.715,64.75,64.64500000000001,64.765,29.896828925137733,9.673866419451443,3.430362150870202,-3.4303621508702182,1.9355207046134169,0.0,-0.35460094259444375,stop,"[{""stage"": ""direction"", ""timeframe"": ""1h"", ""closeTime"": 1786629600, ""ema20"": 65.20967390894577, ""ema50"": 65.2603644323176, ""rsi20"": null}, {""stage"": ""setup"", ""timeframe"": ""15m"", ""closeTime"": 1786630500, ""ema20"": 65.0221852538273, ""ema50"": 65.10627196819907, ""rsi20"": 41.61368895819929}, {""stage"": ""entry"", ""timeframe"": ""5m"", ""closeTime"": 1786630500, ""ema20"": 65.02628374066194, ""ema50"": 65.0327652551064, ""rsi20"": 36.8618559116988}]"
Validation,22,-1,1786638900,1786639200,1786639200,1786639200,64.80499999999999,64.87,64.67499999999997,64.885,29.802375152216936,9.656714608697092,4.3167250289232175,-4.316725028923235,1.9325350167455073,0.0,-0.4470179770079856,stop,"[{""stage"": ""direction"", ""timeframe"": ""1h"", ""closeTime"": 1786636800, ""ema20"": 65.15463102296923, ""ema50"": 65.23353902421935, ""rsi20"": null}, {""stage"": ""setup"", ""timeframe"": ""15m"", ""closeTime"": 1786638600, ""ema20"": 64.88298916003106, ""ema50"": 65.0140054187314, ""rsi20"": 45.09244773658081}, {""stage"": ""entry"", ""timeframe"": ""5m"", ""closeTime"": 1786639200, ""ema20"": 64.77827740374484, ""ema50"": 64.87117210548242, ""rsi20"": 49.04756694147864}]"
Validation,23,-1,1786667400,1786667700,1786667700,1786667700,64.525,64.55,64.47500000000002,64.49000000000002,29.864799639062298,9.635130983552475,3.1222154782655136,-0.8812355753501575,1.9265035627168117,0.0,-0.09146067415735802,target,"[{""stage"": ""direction"", ""timeframe"": ""1h"", ""closeTime"": 1786665600, ""ema20"": 64.86723058050852, ""ema50"": 65.07130245782211, ""rsi20"": null}, {""stage"": ""setup"", ""timeframe"": ""15m"", ""closeTime"": 1786667400, ""ema20"": 64.61695678763009, ""ema50"": 64.73100388635812, ""rsi20"": 41.00484162812674}, {""stage"": ""entry"", ""timeframe"": ""5m"", ""closeTime"": 1786667700, ""ema20"": 64.62085135976842, ""ema50"": 64.62220902338275, ""rsi20"": 45.79449962480505}]"
Validation,24,-1,1786679100,1786679400,1786679400,1786680300,64.145,64.19,64.05499999999999,64.07,30.02798286904895,9.630724805675724,3.7287247727642048,0.327079803401201,1.9250189117775558,0.0,0.0339621170785029,target,"[{""stage"": ""direction"", ""timeframe"": ""1h"", ""closeTime"": 1786676400, ""ema20"": 64.65445789350048, ""ema50"": 64.9563309953209, ""rsi20"": null}, {""stage"": ""setup"", ""timeframe"": ""15m"", ""closeTime"": 1786679100, ""ema20"": 64.22938950191124, ""ema50"": 64.46995417353455, ""rsi20"": 44.46317000818851}, {""stage"": ""entry"", ""timeframe"": ""5m"", ""closeTime"": 1786679400, ""ema20"": 64.12855226405101, ""ema50"": 64.20049270843421, ""rsi20"": 49.84347625598844}]"
Validation,25,-1,1786791900,1786792200,1786792200,1786792200,64.885,64.89,64.87500000000001,64.905,29.690560852871176,9.632360204692732,2.5205801636043637,-2.5205801636043805,1.926768946547075,0.0,-0.26167835401093015,stop,"[{""stage"": ""direction"", ""timeframe"": ""1h"", ""closeTime"": 1786791600, ""ema20"": 64.92373624311647, ""ema50"": 64.93010535515162, ""rsi20"": null}, {""stage"": ""setup"", ""timeframe"": ""15m"", ""closeTime"": 1786791600, ""ema20"": 64.9079904400361, ""ema50"": 64.93160153455831, ""rsi20"": 42.338577692184145}, {""stage"": ""entry"", ""timeframe"": ""5m"", ""closeTime"": 1786792200, ""ema20"": 64.88713613832032, ""ema50"": 64.90241819557492, ""rsi20"": 47.663855265128085}]"
Validation,26,-1,1786792500,1786792800,1786792800,1786792800,64.875,64.9,64.82499999999999,64.915,29.656284559151317,9.619757303874708,3.1107959688323463,-3.110795968832363,1.924544586466125,0.0,-0.32337572254337194,stop,"[{""stage"": ""direction"", ""timeframe"": ""1h"", ""closeTime"": 1786791600, ""ema20"": 64.92373624311647, ""ema50"": 64.93010535515162, ""rsi20"": null}, {""stage"": ""setup"", ""timeframe"": ""15m"", ""closeTime"": 1786792500, ""ema20"": 64.90722944574695, ""ema50"": 64.93036225869328, ""rsi20"": 45.80147400905893}, {""stage"": ""entry"", ""timeframe"": ""5m"", ""closeTime"": 1786792800, ""ema20"": 64.88851733771799, ""ema50"": 64.9018400951847, ""rsi20"": 47.791913109111945}]"
Validation,27,1,1786840500,1786840800,1786840800,1786840800,65.025,65.0,65.07500000000002,64.985,29.540033291904795,9.604203324030548,3.101851195816631,-3.101851195816648,1.9202498641402714,0.0,-0.3229680891964821,stop,"[{""stage"": ""direction"", ""timeframe"": ""1h"", ""closeTime"": 1786838400, ""ema20"": 64.97599811633273, ""ema50"": 64.9555962319721, ""rsi20"": null}, {""stage"": ""setup"", ""timeframe"": ""15m"", ""closeTime"": 1786840200, ""ema20"": 64.99717008515664, ""ema50"": 64.98926350310916, ""rsi20"": 51.659442558047196}, {""stage"": ""entry"", ""timeframe"": ""5m"", ""closeTime"": 1786840800, ""ema20"": 64.99658330887534, ""ema50"": 64.99646269198843, ""rsi20"": 55.669297452138956}]"
Validation,28,1,1786844400,1786844700,1786844700,1786844700,65.015,65.0,65.045,64.985,29.496867086215378,9.588694068051463,2.802202373190478,-2.8022023731904944,1.9172963606039994,0.0,-0.2922402522494844,stop,"[{""stage"": ""direction"", ""timeframe"": ""1h"", ""closeTime"": 1786842000, ""ema20"": 64.97828401001533, ""ema50"": 64.95733755620849, ""rsi20"": null}, {""stage"": ""setup"", ""timeframe"": ""15m"", ""closeTime"": 1786844700, ""ema20"": 64.99906389942028, ""ema50"": 64.99157193682431, ""rsi20"": 51.365216465647634}, {""stage"": ""entry"", ""timeframe"": ""5m"", ""closeTime"": 1786844700, ""ema20"": 64.99963923378708, ""ema50"": 64.99841843840835, ""rsi20"": 50.71660919974263}]"
Validation,29,1,1786936500,1786936800,1786936800,1786938600,65.705,65.59,65.93499999999999,65.575,29.144457974843654,9.574683056185512,5.701821758198264,-5.70182175819828,1.9130422214687375,0.0,-0.5955102351419084,stop,"[{""stage"": ""direction"", ""timeframe"": ""1h"", ""closeTime"": 1786935600, ""ema20"": 65.21458355222391, ""ema50"": 65.09075651342785, ""rsi20"": null}, {""stage"": ""setup"", ""timeframe"": ""15m"", ""closeTime"": 1786936500, ""ema20"": 65.53995871535136, ""ema50"": 65.30690617084922, ""rsi20"": 58.16540369119782}, {""stage"": ""entry"", ""timeframe"": ""5m"", ""closeTime"": 1786936800, ""ema20"": 65.72305540819276, ""ema50"": 65.58817660546444, ""rsi20"": 51.44454571687289}]"
Validation,30,1,1786938900,1786939200,1786939200,1786940400,65.685,65.59,65.875,65.575,29.06652644407253,9.54617394739452,5.104954039372425,-5.104954039372442,1.9076361305244802,0.0,-0.5347644058765303,stop,"[{""stage"": ""direction"", ""timeframe"": ""1h"", ""closeTime"": 1786939200, ""ema20"": 65.2579565472502, ""ema50"": 65.11347194427381, ""rsi20"": null}, {""stage"": ""setup"", ""timeframe"": ""15m"", ""closeTime"": 1786939200, ""ema20"": 65.57610806917126, ""ema50"": 65.34907059949973, ""rsi20"": 58.89701280610702}, {""stage"": ""entry"", ""timeframe"": ""5m"", ""closeTime"": 1786939200, ""ema20"": 65.69457566076842, ""ema50"": 65.6115727621076, ""rsi20"": 50.75120688580741}]"
Validation,31,-1,1787059200,1787059500,1787059500,1787059800,64.995,65.16,64.66500000000002,65.175,29.296558742049875,9.520649177197658,7.180147099295061,-7.180147099295077,1.906766525726316,0.0,-0.7541657050542122,stop,"[{""stage"": ""direction"", ""timeframe"": ""1h"", ""closeTime"": 1787058000, ""ema20"": 65.47060851276262, ""ema50"": 65.4830113611097, ""rsi20"": null}, {""stage"": ""setup"", ""timeframe"": ""15m"", ""closeTime"": 1787058900, ""ema20"": 65.21171485564255, ""ema50"": 65.3574516832163, ""rsi20"": 48.62661818009922}, {""stage"": ""entry"", ""timeframe"": ""5m"", ""closeTime"": 1787059500, ""ema20"": 65.17588766881221, ""ema50"": 65.18503133085821, ""rsi20"": 43.884326988756236}]"
Validation,32,-1,1787060700,1787061000,1787061000,1787064900,64.915,65.23,64.28500000000001,64.30000000000001,24.00715916194502,9.484748441701184,9.484748441701184,13.213360349040702,1.551042535555363,0.0,1.393116583982986,target,"[{""stage"": ""direction"", ""timeframe"": ""1h"", ""closeTime"": 1787058000, ""ema20"": 65.47060851276262, ""ema50"": 65.4830113611097, ""rsi20"": null}, {""stage"": ""setup"", ""timeframe"": ""15m"", ""closeTime"": 1787060700, ""ema20"": 65.19512259158041, ""ema50"": 65.33897020046226, ""rsi20"": 48.222562692563855}, {""stage"": ""entry"", ""timeframe"": ""5m"", ""closeTime"": 1787061000, ""ema20"": 65.15400382626635, ""ema50"": 65.17352909963385, ""rsi20"": 43.14895479195634}]"
Validation,33,-1,1787106600,1787106900,1787106900,1787122800,63.105,63.33,62.654999999999994,63.345,30.269599060126417,9.550815243446388,9.178499175006875,-9.178499175006893,1.9137954005764928,0.0,-0.9610173520323333,stop,"[{""stage"": ""direction"", ""timeframe"": ""1h"", ""closeTime"": 1787104800, ""ema20"": 64.08977009992226, ""ema50"": 64.74818424939122, ""rsi20"": null}, {""stage"": ""setup"", ""timeframe"": ""15m"", ""closeTime"": 1787106600, ""ema20"": 63.29530716622146, ""ema50"": 63.70533419251387, ""rsi20"": 41.82551254642532}, {""stage"": ""entry"", ""timeframe"": ""5m"", ""closeTime"": 1787106900, ""ema20"": 63.20723980012466, ""ema50"": 63.23957045955621, ""rsi20"": 46.878326275172164}]"
Validation,34,1,1787191200,1787191500,1787191500,1787204100,67.215,66.82,68.00500000000002,66.80499999999999,19.9260450463746,9.504922747571353,9.504922747571353,-9.504922747571364,1.335244278557562,0.0,-1.000000000000001,stop,"[{""stage"": ""direction"", ""timeframe"": ""1h"", ""closeTime"": 1787191200, ""ema20"": 65.79052777039973, ""ema50"": 65.16538934063786, ""rsi20"": null}, {""stage"": ""setup"", ""timeframe"": ""15m"", ""closeTime"": 1787191200, ""ema20"": 66.86258045940858, ""ema50"": 66.26869852722078, ""rsi20"": 57.67596371013599}, {""stage"": ""entry"", ""timeframe"": ""5m"", ""closeTime"": 1787191500, ""ema20"": 66.9238224657415, ""ema50"": 66.91521142443263, ""rsi20"": 58.676090260013545}]"
Validation,35,1,1787207400,1787207700,1787207700,1787208600,67.19500000000001,67.11,67.36500000000002,67.095,28.149112683483875,9.457398133833495,4.704983439481137,-4.704983439481152,1.8900721711325248,0.0,-0.4974923729444409,stop,"[{""stage"": ""direction"", ""timeframe"": ""1h"", ""closeTime"": 1787205600, ""ema20"": 66.22716218842079, ""ema50"": 65.45453348633669, ""rsi20"": null}, {""stage"": ""setup"", ""timeframe"": ""15m"", ""closeTime"": 1787207400, ""ema20"": 67.07114728842666, ""ema50"": 66.70976022909353, ""rsi20"": 56.420883254726576}, {""stage"": ""entry"", ""timeframe"": ""5m"", ""closeTime"": 1787207700, ""ema20"": 67.08897577913697, ""ema50"": 67.08744646566326, ""rsi20"": 52.9209181048742}]"
Validation,36,1,1787274600,1787274900,1787274900,1787280300,68.485,68.24,68.97500000000001,68.96000000000001,27.550188264980914,9.43387321663609,9.046242067747933,11.19302161282602,1.8933178130401511,0.0,1.1864714901073476,target,"[{""stage"": ""direction"", ""timeframe"": ""1h"", ""closeTime"": 1787274000, ""ema20"": 67.66668607367346, ""ema50"": 66.68408875342585, ""rsi20"": null}, {""stage"": ""setup"", ""timeframe"": ""15m"", ""closeTime"": 1787274900, ""ema20"": 68.2161425099609, ""ema50"": 67.97715136431306, ""rsi20"": 59.29250413906382}, {""stage"": ""entry"", ""timeframe"": ""5m"", ""closeTime"": 1787274900, ""ema20"": 68.21769779001639, ""ema50"": 68.21747134711725, ""rsi20"": 61.114208470676274}]"
Validation,37,1,1787290200,1787290500,1787290500,1787300700,69.105,68.78,69.75500000000001,69.74000000000001,23.206226722340112,9.489838324700221,9.489838324700221,12.963845274374671,1.6110342746316566,0.16107441967976271,1.3660765158277017,target,"[{""stage"": ""direction"", ""timeframe"": ""1h"", ""closeTime"": 1787288400, ""ema20"": 68.06632419520261, ""ema50"": 67.00692590358189, ""rsi20"": null}, {""stage"": ""setup"", ""timeframe"": ""15m"", ""closeTime"": 1787290200, ""ema20"": 68.7968291433067, ""ema50"": 68.42468823557974, ""rsi20"": 56.48086548317637}, {""stage"": ""entry"", ""timeframe"": ""5m"", ""closeTime"": 1787290500, ""ema20"": 69.00517117220238, ""ema50"": 68.85704806252053, ""rsi20"": 56.876010770246005}]"
Validation,38,1,1787487600,1787487900,1787487900,1787487900,68.925,68.87,69.03499999999998,68.855,27.724795215298062,9.554657551072095,3.8506968074525436,-3.850696807452559,1.9099611423818836,0.0,-0.4030177729415834,stop,"[{""stage"": ""direction"", ""timeframe"": ""1h"", ""closeTime"": 1787486400, ""ema20"": 68.91373756401873, ""ema50"": 68.79520555460792, ""rsi20"": null}, {""stage"": ""setup"", ""timeframe"": ""15m"", ""closeTime"": 1787487300, ""ema20"": 68.89022531361982, ""ema50"": 68.88016711349684, ""rsi20"": 56.693466339079116}, {""stage"": ""entry"", ""timeframe"": ""5m"", ""closeTime"": 1787487900, ""ema20"": 68.92066885695603, ""ema50"": 68.89658488715021, ""rsi20"": 50.6897582253123}]"
Validation,39,1,1787488800,1787489100,1787489100,1787490900,68.925,68.9,68.97499999999998,68.95999999999998,27.668927289183408,9.535404067034833,3.0132845264282833,-0.9391525645135952,1.9075650196345268,0.0,-0.09849111352924951,target,"[{""stage"": ""direction"", ""timeframe"": ""1h"", ""closeTime"": 1787486400, ""ema20"": 68.91373756401873, ""ema50"": 68.79520555460792, ""rsi20"": null}, {""stage"": ""setup"", ""timeframe"": ""15m"", ""closeTime"": 1787489100, ""ema20"": 68.8929508803101, ""ema50"": 68.88208429046747, ""rsi20"": 53.28343058748618}, {""stage"": ""entry"", ""timeframe"": ""5m"", ""closeTime"": 1787489100, ""ema20"": 68.91480250568111, ""ema50"": 68.89748205175698, ""rsi20"": 50.8832910403005}]"
Validation,40,1,1787556600,1787556900,1787556900,1787557200,69.135,69.06,69.28500000000001,69.045,27.571297618318546,9.530708304212265,4.386317738098376,-4.386317738098391,1.9049009524496285,0.0,-0.4602299848123335,stop,"[{""stage"": ""direction"", ""timeframe"": ""1h"", ""closeTime"": 1787554800, ""ema20"": 69.07316743363013, ""ema50"": 68.95991698016948, ""rsi20"": null}, {""stage"": ""setup"", ""timeframe"": ""15m"", ""closeTime"": 1787556600, ""ema20"": 69.07724548149545, ""ema50"": 69.07526481675531, ""rsi20"": 50.26734734002737}, {""stage"": ""entry"", ""timeframe"": ""5m"", ""closeTime"": 1787556900, ""ema20"": 69.12435728454626, ""ema50"": 69.0846324779195, ""rsi20"": 50.97096172150999}]"
Validation,41,1,1787581800,1787582100,1787582100,1787582400,69.335,69.15,69.70499999999997,69.135,27.42850426342186,9.508776715521773,7.384713345362058,-7.384713345362073,1.8990124926780125,0.0,-0.776620754308758,stop,"[{""stage"": ""direction"", ""timeframe"": ""1h"", ""closeTime"": 1787580000, ""ema20"": 69.07443320478997, ""ema50"": 68.98467124402309, ""rsi20"": null}, {""stage"": ""setup"", ""timeframe"": ""15m"", ""closeTime"": 1787581800, ""ema20"": 69.18865000470504, ""ema50"": 69.12018459362312, ""rsi20"": 50.881881151202364}, {""stage"": ""entry"", ""timeframe"": ""5m"", ""closeTime"": 1787582100, ""ema20"": 69.23361102040279, ""ema50"": 69.22150105622097, ""rsi20"": 51.7870858671456}]"
Validation,42,-1,1787635800,1787636100,1787636100,1787638200,68.165,68.36,67.77500000000002,68.375,27.79095767269115,9.471853148794962,7.733389791579577,-7.733389791579592,1.897288680314625,0.0,-0.8164600601481514,stop,"[{""stage"": ""direction"", ""timeframe"": ""1h"", ""closeTime"": 1787634000, ""ema20"": 68.76485231480092, ""ema50"": 68.87292299192202, ""rsi20"": null}, {""stage"": ""setup"", ""timeframe"": ""15m"", ""closeTime"": 1787635800, ""ema20"": 68.34318075785524, ""ema50"": 68.66079817847985, ""rsi20"": 46.09849876501348}, {""stage"": ""entry"", ""timeframe"": ""5m"", ""closeTime"": 1787636100, ""ema20"": 68.09051304548285, ""ema50"": 68.26821965562632, ""rsi20"": 49.68814451240202}]"
Validation,43,-1,1787644500,1787644800,1787644800,1787644800,68.115,68.15,68.04499999999997,68.165,27.697823386440767,9.433186199837065,3.2722208548744116,-3.272220854874427,1.887329685552074,0.0,-0.34688394626737534,stop,"[{""stage"": ""direction"", ""timeframe"": ""1h"", ""closeTime"": 1787644800, ""ema20"": 68.62690444090482, ""ema50"": 68.80058316240837, ""rsi20"": null}, {""stage"": ""setup"", ""timeframe"": ""15m"", ""closeTime"": 1787644800, ""ema20"": 68.33351049405908, ""ema50"": 68.55110472623002, ""rsi20"": 44.17066285199373}, {""stage"": ""entry"", ""timeframe"": ""5m"", ""closeTime"": 1787644800, ""ema20"": 68.31128135098571, ""ema50"": 68.31980734463417, ""rsi20"": 42.84387542041209}]"
Validation,44,1,1787720700,1787721000,1787721000,1787721000,69.235,69.1,69.50500000000001,69.085,27.202499012241475,9.416825095562693,5.961699683522981,-5.961699683522996,1.8813248316866202,0.0,-0.633090200043347,stop,"[{""stage"": ""direction"", ""timeframe"": ""1h"", ""closeTime"": 1787720400, ""ema20"": 68.84782298913203, ""ema50"": 68.7753720379693, ""rsi20"": null}, {""stage"": ""setup"", ""timeframe"": ""15m"", ""closeTime"": 1787720400, ""ema20"": 69.13433815654486, ""ema50"": 68.93611043666897, ""rsi20"": 50.9153644104623}, {""stage"": ""entry"", ""timeframe"": ""5m"", ""closeTime"": 1787721000, ""ema20"": 69.204039502914, ""ema50"": 69.17718844641973, ""rsi20"": 51.387965477234864}]"
Validation,45,1,1787721300,1787721600,1787721600,1787723100,69.255,69.12,69.52499999999998,69.105,27.108559951325034,9.387016597145076,5.941654170131176,-5.94165417013119,1.875370177432666,0.0,-0.632965128871537,stop,"[{""stage"": ""direction"", ""timeframe"": ""1h"", ""closeTime"": 1787720400, ""ema20"": 68.84782298913203, ""ema50"": 68.7753720379693, ""rsi20"": null}, {""stage"": ""setup"", ""timeframe"": ""15m"", ""closeTime"": 1787721300, ""ema20"": 69.13487737973107, ""ema50"": 68.9441061058192, ""rsi20"": 53.041919439465445}, {""stage"": ""entry"", ""timeframe"": ""5m"", ""closeTime"": 1787721600, ""ema20"": 69.20289855000442, ""ema50"": 69.17864262201222, ""rsi20"": 52.19119353731908}]"
Validation,46,-1,1787828400,1787828700,1787828700,1787830200,68.375,68.56,68.005,68.575,27.370554519325545,9.35730832629442,7.348309624575989,-7.348309624576004,1.8741987207108166,0.0,-0.7853016453382168,stop,"[{""stage"": ""direction"", ""timeframe"": ""1h"", ""closeTime"": 1787828400, ""ema20"": 68.66214778734887, ""ema50"": 68.67205530661919, ""rsi20"": null}, {""stage"": ""setup"", ""timeframe"": ""15m"", ""closeTime"": 1787828400, ""ema20"": 68.54658599313386, ""ema50"": 68.66528687247254, ""rsi20"": 47.888850439610515}, {""stage"": ""entry"", ""timeframe"": ""5m"", ""closeTime"": 1787828700, ""ema20"": 68.39437711661961, ""ema50"": 68.49241798513276, ""rsi20"": 47.313037280011535}]"
Validation,47,-1,1787830800,1787831100,1787831100,1787833200,68.395,68.52,68.145,68.535,27.25511156713661,9.320566778171541,5.681736832843134,-5.681736832843148,1.8660212134440077,0.0,-0.6095913443965219,stop,"[{""stage"": ""direction"", ""timeframe"": ""1h"", ""closeTime"": 1787828400, ""ema20"": 68.66214778734887, ""ema50"": 68.67205530661919, ""rsi20"": null}, {""stage"": ""setup"", ""timeframe"": ""15m"", ""closeTime"": 1787831100, ""ema20"": 68.51850484039576, ""ema50"": 68.63973264626367, ""rsi20"": 43.97529360120045}, {""stage"": ""entry"", ""timeframe"": ""5m"", ""closeTime"": 1787831100, ""ema20"": 68.43197546129957, ""ema50"": 68.48447936132871, ""rsi20"": 47.767490339582594}]"
Validation,48,1,1787879700,1787880000,1787880000,1787880000,69.625,69.47,69.935,69.455,26.692016068961795,9.292158094007325,6.393805529159139,-6.393805529159154,1.8561627974356032,0.0,-0.6880861759425543,stop,"[{""stage"": ""direction"", ""timeframe"": ""1h"", ""closeTime"": 1787878800, ""ema20"": 69.0469347633455, ""ema50"": 68.86210338304447, ""rsi20"": null}, {""stage"": ""setup"", ""timeframe"": ""15m"", ""closeTime"": 1787879700, ""ema20"": 69.31854356645012, ""ema50"": 69.1788554907546, ""rsi20"": 56.661548228989645}, {""stage"": ""entry"", ""timeframe"": ""5m"", ""closeTime"": 1787880000, ""ema20"": 69.33660496154138, ""ema50"": 69.33112017239682, ""rsi20"": 60.442884317284346}]"
Validation,49,1,1787914500,1787914800,1787914800,1787914800,70.485,70.4,70.65499999999999,70.385,26.27563046424496,9.26018906636153,4.478287078173425,-4.47828707817344,1.8507240317490936,0.0,-0.4836064410867399,stop,"[{""stage"": ""direction"", ""timeframe"": ""1h"", ""closeTime"": 1787914800, ""ema20"": 69.58701763327254, ""ema50"": 69.16524663907975, ""rsi20"": null}, {""stage"": ""setup"", ""timeframe"": ""15m"", ""closeTime"": 1787914800, ""ema20"": 70.25838778703829, ""ema50"": 69.78540288763337, ""rsi20"": 61.9572162077645}, {""stage"": ""entry"", ""timeframe"": ""5m"", ""closeTime"": 1787914800, ""ema20"": 70.50717506082914, ""ema50"": 70.33378070879432, ""rsi20"": 52.39511533072109}]"
Validation,50,-1,1787964300,1787964600,1787964600,1787966400,66.585,66.66,66.43499999999999,66.675,27.74738343762308,9.237797630970663,4.3460726678349815,-4.3460726678349975,1.8488081584488256,0.0,-0.4704663212435336,stop,"[{""stage"": ""direction"", ""timeframe"": ""1h"", ""closeTime"": 1787961600, ""ema20"": 67.97856821075808, ""ema50"": 68.56058936643268, ""rsi20"": null}, {""stage"": ""setup"", ""timeframe"": ""15m"", ""closeTime"": 1787964300, ""ema20"": 66.68153499615423, ""ema50"": 67.39285751267998, ""rsi20"": 38.93628466081058}, {""stage"": ""entry"", ""timeframe"": ""5m"", ""closeTime"": 1787964600, ""ema20"": 66.61524695282034, ""ema50"": 66.63021045626444, ""rsi20"": 49.088392033209374}]"
Validation,51,-1,1787967000,1787967300,1787967300,1787980800,66.535,66.66,66.285,66.675,27.702915060138235,9.216067267631487,5.72356076599986,-5.723560765999876,1.845152657580507,0.0,-0.6210415570752252,stop,"[{""stage"": ""direction"", ""timeframe"": ""1h"", ""closeTime"": 1787965200, ""ema20"": 67.84727600020969, ""ema50"": 68.48370350892552, ""rsi20"": null}, {""stage"": ""setup"", ""timeframe"": ""15m"", ""closeTime"": 1787967000, ""ema20"": 66.663426038076, ""ema50"": 67.30439750555432, ""rsi20"": 39.77869175333516}, {""stage"": ""entry"", ""timeframe"": ""5m"", ""closeTime"": 1787967300, ""ema20"": 66.61371525088758, ""ema50"": 66.62506794167794, ""rsi20"": 45.374846279370594}]"
Validation,52,-1,1788132000,1788132300,1788132300,1788133200,66.605,66.75,66.31500000000001,66.33000000000001,27.587867168535354,9.187449463801487,6.253755669099327,5.752966910322363,1.8336965610246239,0.0,0.6261767134599248,target,"[{""stage"": ""direction"", ""timeframe"": ""1h"", ""closeTime"": 1788130800, ""ema20"": 66.86161117493002, ""ema50"": 67.08179339380679, ""rsi20"": null}, {""stage"": ""setup"", ""timeframe"": ""15m"", ""closeTime"": 1788131700, ""ema20"": 66.71125845125167, ""ema50"": 66.82419115570958, ""rsi20"": 43.44601322459793}, {""stage"": ""entry"", ""timeframe"": ""5m"", ""closeTime"": 1788132300, ""ema20"": 66.60177449322067, ""ema50"": 66.67664135772993, ""rsi20"": 49.40780719445548}]"
Validation,53,-1,1788137700,1788138000,1788138000,1788138000,66.505,66.74,66.035,66.755,27.71585384062281,9.2162142983531,8.775670801556384,-8.7756708015564,1.8467073414006978,0.0,-0.9521990827757312,stop,"[{""stage"": ""direction"", ""timeframe"": ""1h"", ""closeTime"": 1788138000, ""ema20"": 66.80231663072502, ""ema50"": 67.03974084526341, ""rsi20"": null}, {""stage"": ""setup"", ""timeframe"": ""15m"", ""closeTime"": 1788138000, ""ema20"": 66.64423491898657, ""ema50"": 66.76232152208323, ""rsi20"": 43.96269358352445}, {""stage"": ""entry"", ""timeframe"": ""5m"", ""closeTime"": 1788138000, ""ema20"": 66.61722204734004, ""ema50"": 66.62790238259755, ""rsi20"": 47.56527882259776}]"
Validation,54,-1,1788138300,1788138600,1788138600,1788153900,66.255,66.83,65.10499999999999,66.845,13.970506350385008,9.172335944345317,9.172335944345317,-9.172335944345324,0.9297371976181222,0.0,-1.0000000000000007,stop,"[{""stage"": ""direction"", ""timeframe"": ""1h"", ""closeTime"": 1788138000, ""ema20"": 66.80231663072502, ""ema50"": 67.03974084526341, ""rsi20"": null}, {""stage"": ""setup"", ""timeframe"": ""15m"", ""closeTime"": 1788138000, ""ema20"": 66.64423491898657, ""ema50"": 66.76232152208323, ""rsi20"": 43.96269358352445}, {""stage"": ""entry"", ""timeframe"": ""5m"", ""closeTime"": 1788138600, ""ema20"": 66.60162621108788, ""ema50"": 66.62110481377037, ""rsi20"": 42.69758234634018}]"
Validation,55,-1,1788246300,1788246600,1788246600,1788246600,66.585,66.69,66.37499999999999,66.705,27.413003723431974,9.126474264623589,5.11650007996007,-5.116500079960085,1.826939633148124,0.0,-0.5606217616580448,stop,"[{""stage"": ""direction"", ""timeframe"": ""1h"", ""closeTime"": 1788246000, ""ema20"": 66.661866550464, ""ema50"": 66.76903037894408, ""rsi20"": null}, {""stage"": ""setup"", ""timeframe"": ""15m"", ""closeTime"": 1788246000, ""ema20"": 66.6422358118979, ""ema50"": 66.64539980183982, ""rsi20"": 47.607013852276374}, {""stage"": ""entry"", ""timeframe"": ""5m"", ""closeTime"": 1788246600, ""ema20"": 66.64151882644656, ""ema50"": 66.6517462586269, ""rsi20"": 48.07005959958752}]"
Validation,56,-1,1788267300,1788267600,1788267600,1788271200,64.785,65.08,64.195,65.095,24.272928373136363,9.100891764223789,9.100891764223789,-9.100891764223803,1.5762839685514756,0.0,-1.0000000000000016,stop,"[{""stage"": ""direction"", ""timeframe"": ""1h"", ""closeTime"": 1788267600, ""ema20"": 65.9179618781058, ""ema50"": 66.40207080149011, ""rsi20"": null}, {""stage"": ""setup"", ""timeframe"": ""15m"", ""closeTime"": 1788267600, ""ema20"": 65.16689706042824, ""ema50"": 65.71089574002697, ""rsi20"": 36.99740758535732}, {""stage"": ""entry"", ""timeframe"": ""5m"", ""closeTime"": 1788267600, ""ema20"": 64.92214634883999, ""ema50"": 65.08685478889382, ""rsi20"": 44.6142935613848}]"
Validation,57,-1,1788308700,1788309000,1788309000,1788310800,64.245,64.41,63.91500000000002,63.93000000000002,28.190169835481885,9.05538730540267,6.887845146752243,7.0732659888448834,1.8066375093314457,0.0,0.7811113705346204,target,"[{""stage"": ""direction"", ""timeframe"": ""1h"", ""closeTime"": 1788307200, ""ema20"": 64.93786375165845, ""ema50"": 65.72779084911862, ""rsi20"": null}, {""stage"": ""setup"", ""timeframe"": ""15m"", ""closeTime"": 1788309000, ""ema20"": 64.30140350402849, ""ema50"": 64.61906407184712, ""rsi20"": 43.28541830335958}, {""stage"": ""entry"", ""timeframe"": ""5m"", ""closeTime"": 1788309000, ""ema20"": 64.28732639566037, ""ema50"": 64.29104992482837, ""rsi20"": 49.68743076330146}]"
Validation,58,-1,1788316800,1788317100,1788317100,1788317100,63.964999999999996,64.06,63.774999999999984,64.075,28.424149567253636,9.090753635346895,4.946370507693647,-4.946370507693663,1.8197140552955777,0.0,-0.5441100601891863,stop,"[{""stage"": ""direction"", ""timeframe"": ""1h"", ""closeTime"": 1788314400, ""ema20"": 64.72115377403334, ""ema50"": 65.57573465157009, ""rsi20"": null}, {""stage"": ""setup"", ""timeframe"": ""15m"", ""closeTime"": 1788317100, ""ema20"": 64.06617942282244, ""ema50"": 64.40719901233766, ""rsi20"": 43.399538461980725}, {""stage"": ""entry"", ""timeframe"": ""5m"", ""closeTime"": 1788317100, ""ema20"": 63.91648860690435, ""ema50"": 64.04046083311798, ""rsi20"": 49.40796373905913}]"
Validation,59,1,1788415500,1788415800,1788415800,1788416400,66.175,65.93,66.66499999999998,65.915,27.400141391185272,9.066021782808427,8.933679099888739,-8.933679099888753,1.8096423381808313,0.0,-0.9854023422742453,stop,"[{""stage"": ""direction"", ""timeframe"": ""1h"", ""closeTime"": 1788415200, ""ema20"": 65.40253567796908, ""ema50"": 65.29129107672348, ""rsi20"": null}, {""stage"": ""setup"", ""timeframe"": ""15m"", ""closeTime"": 1788415200, ""ema20"": 65.90034880292949, ""ema50"": 65.60128595716697, ""rsi20"": 55.76094803543036}, {""stage"": ""entry"", ""timeframe"": ""5m"", ""closeTime"": 1788415800, ""ema20"": 65.98298883570631, ""ema50"": 65.93850436536044, ""rsi20"": 57.52192603616991}]"
Validation,60,1,1788419700,1788420000,1788420000,1788420000,65.965,65.89,66.11500000000001,65.875,27.35193932330473,9.021353387308983,4.264714379289751,-4.264714379289767,1.8030398401922478,0.0,-0.47273554157508807,stop,"[{""stage"": ""direction"", ""timeframe"": ""1h"", ""closeTime"": 1788418800, ""ema20"": 65.43277037530537, ""ema50"": 65.30810319136178, ""rsi20"": null}, {""stage"": ""setup"", ""timeframe"": ""15m"", ""closeTime"": 1788419700, ""ema20"": 65.89154133322974, ""ema50"": 65.65207719231813, ""rsi20"": 55.0900026285122}, {""stage"": ""entry"", ""timeframe"": ""5m"", ""closeTime"": 1788420000, ""ema20"": 65.9242229903181, ""ema50"": 65.92286116573744, ""rsi20"": 50.58058420540889}]"
Validation,61,1,1788483300,1788483600,1788483600,1788483600,67.185,67.06,67.435,67.045,26.79178333084032,9.000029815412535,5.548980204566994,-5.548980204567009,1.7981305382493482,0.0,-0.6165513135372496,stop,"[{""stage"": ""direction"", ""timeframe"": ""1h"", ""closeTime"": 1788483600, ""ema20"": 66.63828570602078, ""ema50"": 66.05557668823876, ""rsi20"": null}, {""stage"": ""setup"", ""timeframe"": ""15m"", ""closeTime"": 1788483600, ""ema20"": 67.03236043202693, ""ema50"": 66.85240829679697, ""rsi20"": 59.80433451889157}, {""stage"": ""entry"", ""timeframe"": ""5m"", ""closeTime"": 1788483600, ""ema20"": 67.02850891075427, ""ema50"": 67.02730075227305, ""rsi20"": 61.032897670470895}]"
Validation,62,1,1788518400,1788518700,1788518700,1788519300,66.955,66.91,67.045,66.895,26.8009406747508,8.9722849143897,3.4017093951427912,-3.4017093951428063,1.7936529546576974,0.0,-0.37913524008663213,stop,"[{""stage"": ""direction"", ""timeframe"": ""1h"", ""closeTime"": 1788516000, ""ema20"": 66.76407873694579, ""ema50"": 66.29429210042258, ""rsi20"": null}, {""stage"": ""setup"", ""timeframe"": ""15m"", ""closeTime"": 1788518700, ""ema20"": 66.88732243699481, ""ema50"": 66.85248112498205, ""rsi20"": 52.23872868372148}, {""stage"": ""entry"", ""timeframe"": ""5m"", ""closeTime"": 1788518700, ""ema20"": 66.89333902514875, ""ema50"": 66.89069149999213, ""rsi20"": 52.82186873151585}]"
Validation,63,1,1788638100,1788638400,1788638400,1788639600,66.305,66.25,66.41500000000002,66.235,27.01237121608924,8.955276367413987,3.680975825616665,-3.6809758256166805,1.790109840490234,0.0,-0.4110398914109264,stop,"[{""stage"": ""direction"", ""timeframe"": ""1h"", ""closeTime"": 1788638400, ""ema20"": 66.24980012869274, ""ema50"": 66.23852964787555, ""rsi20"": null}, {""stage"": ""setup"", ""timeframe"": ""15m"", ""closeTime"": 1788638400, ""ema20"": 66.25826018442348, ""ema50"": 66.2414654904483, ""rsi20"": 57.3934238502589}, {""stage"": ""entry"", ""timeframe"": ""5m"", ""closeTime"": 1788638400, ""ema20"": 66.27186603498949, ""ema50"": 66.26058452792608, ""rsi20"": 57.010860361670666}]"
Validation,64,1,1788640800,1788641100,1788641100,1788641100,66.285,66.26,66.33499999999998,66.245,26.964989027037497,8.936871488285902,2.8654345589579098,-2.865434558957925,1.7868349978766398,0.0,-0.32063061024362083,stop,"[{""stage"": ""direction"", ""timeframe"": ""1h"", ""closeTime"": 1788638400, ""ema20"": 66.24980012869274, ""ema50"": 66.23852964787555, ""rsi20"": null}, {""stage"": ""setup"", ""timeframe"": ""15m"", ""closeTime"": 1788641100, ""ema20"": 66.26044342997092, ""ema50"": 66.24431578718406, ""rsi20"": 53.78612012589457}, {""stage"": ""entry"", ""timeframe"": ""5m"", ""closeTime"": 1788641100, ""ema20"": 66.26805114683482, ""ema50"": 66.26225905146049, ""rsi20"": 51.522228209302206}]"
Validation,65,1,1788691200,1788691500,1788691500,1788694200,66.285,66.25,66.35499999999999,66.235,26.92176002260274,8.922544315491113,3.1299238202277024,-3.129923820227718,1.7838358190976575,0.0,-0.3507882628045475,stop,"[{""stage"": ""direction"", ""timeframe"": ""1h"", ""closeTime"": 1788688800, ""ema20"": 66.24195464145862, ""ema50"": 66.23885338819566, ""rsi20"": null}, {""stage"": ""setup"", ""timeframe"": ""15m"", ""closeTime"": 1788691500, ""ema20"": 66.24795234951911, ""ema50"": 66.24045015893257, ""rsi20"": 53.90570518917658}, {""stage"": ""entry"", ""timeframe"": ""5m"", ""closeTime"": 1788691500, ""ema20"": 66.26308846038549, ""ema50"": 66.25199002795553, ""rsi20"": 52.990033821136585}]"
Validation,66,-1,1788722100,1788722400,1788722400,1788722700,66.185,66.21,66.13500000000002,66.225,26.91514601915834,8.906894696389974,2.858523082964482,-2.8585230829644974,1.7819172421983778,0.0,-0.3209337463171173,stop,"[{""stage"": ""direction"", ""timeframe"": ""1h"", ""closeTime"": 1788721200, ""ema20"": 66.2256950002731, ""ema50"": 66.23290342832594, ""rsi20"": null}, {""stage"": ""setup"", ""timeframe"": ""15m"", ""closeTime"": 1788722100, ""ema20"": 66.20873292516809, ""ema50"": 66.22440122516295, ""rsi20"": 48.50691912388453}, {""stage"": ""entry"", ""timeframe"": ""5m"", ""closeTime"": 1788722400, ""ema20"": 66.1938751513977, ""ema50"": 66.20599342309038, ""rsi20"": 49.706568130699495}]"
Validation,67,-1,1788745200,1788745500,1788745500,1788748200,66.145,66.3,65.835,66.315,26.88820645846293,8.892602080975152,6.351801011682729,-6.351801011682743,1.7808059137439995,0.0,-0.7142792350139895,stop,"[{""stage"": ""direction"", ""timeframe"": ""1h"", ""closeTime"": 1788742800, ""ema20"": 66.22055845507043, ""ema50"": 66.22903820876058, ""rsi20"": null}, {""stage"": ""setup"", ""timeframe"": ""15m"", ""closeTime"": 1788745500, ""ema20"": 66.16638991277279, ""ema50"": 66.19711050907225, ""rsi20"": 48.36572203056837}, {""stage"": ""entry"", ""timeframe"": ""5m"", ""closeTime"": 1788745500, ""ema20"": 66.11640655070778, ""ema50"": 66.16770343652149, ""rsi20"": 49.78925174056974}]"
Validation,68,-1,1788749700,1788750000,1788750000,1788755100,66.05499999999999,66.2,65.76499999999997,65.77999999999997,26.82868238866623,8.860843075916739,6.066904091961313,5.609407985528842,1.7684796713549056,0.0,0.6330557868443568,target,"[{""stage"": ""direction"", ""timeframe"": ""1h"", ""closeTime"": 1788750000, ""ema20"": 66.19936871265404, ""ema50"": 66.21946202969403, ""rsi20"": null}, {""stage"": ""setup"", ""timeframe"": ""15m"", ""closeTime"": 1788750000, ""ema20"": 66.15004573996254, ""ema50"": 66.18370820688338, ""rsi20"": 46.73382344264071}, {""stage"": ""entry"", ""timeframe"": ""5m"", ""closeTime"": 1788750000, ""ema20"": 66.17239685036824, ""ema50"": 66.17278262679902, ""rsi20"": 47.26909513795897}]"
Validation,69,1,1788836100,1788836400,1788836400,1788837300,66.745,66.65,66.935,66.92,26.635373783337723,8.888890115844383,4.7062041937779115,2.8810817937091073,1.7801086183749186,0.0,0.3241216570529542,target,"[{""stage"": ""direction"", ""timeframe"": ""1h"", ""closeTime"": 1788836400, ""ema20"": 66.37644409299801, ""ema50"": 66.24655576277975, ""rsi20"": null}, {""stage"": ""setup"", ""timeframe"": ""15m"", ""closeTime"": 1788836400, ""ema20"": 66.65822301772279, ""ema50"": 66.44639279756406, ""rsi20"": 56.706685238181414}, {""stage"": ""entry"", ""timeframe"": ""5m"", ""closeTime"": 1788836400, ""ema20"": 66.77716946269796, ""ema50"": 66.67786319306654, ""rsi20"": 50.47814946579014}]"
Validation,70,1,1788889800,1788890100,1788890100,1788892200,66.365,66.31,66.47499999999998,66.295,26.8312981987883,8.903295524812927,3.657910883440611,-3.6579108834406258,1.779720009525628,0.0,-0.4108490921419217,stop,"[{""stage"": ""direction"", ""timeframe"": ""1h"", ""closeTime"": 1788886800, ""ema20"": 66.3350047597342, ""ema50"": 66.28890179902463, ""rsi20"": null}, {""stage"": ""setup"", ""timeframe"": ""15m"", ""closeTime"": 1788889500, ""ema20"": 66.30270865092069, ""ema50"": 66.29718825289096, ""rsi20"": 50.58762660420079}, {""stage"": ""entry"", ""timeframe"": ""5m"", ""closeTime"": 1788890100, ""ema20"": 66.37587913673609, ""ema50"": 66.33096971682497, ""rsi20"": 50.206169435934854}]"
Validation,71,-1,1788913200,1788913500,1788913500,1788914100,65.755,65.88,65.505,65.895,27.024579029414415,8.885005970395724,5.562333978729222,-5.562333978729237,1.7788929146112036,0.0,-0.6260360428864742,stop,"[{""stage"": ""direction"", ""timeframe"": ""1h"", ""closeTime"": 1788912000, ""ema20"": 66.10450613429164, ""ema50"": 66.19434030818299, ""rsi20"": null}, {""stage"": ""setup"", ""timeframe"": ""15m"", ""closeTime"": 1788912900, ""ema20"": 65.85441174069202, ""ema50"": 66.02404581240407, ""rsi20"": 47.94938524312853}, {""stage"": ""entry"", ""timeframe"": ""5m"", ""closeTime"": 1788913500, ""ema20"": 65.77292567580008, ""ema50"": 65.82056664006282, ""rsi20"": 48.63809378765671}]"
Validation,72,1,1788942600,1788942900,1788942900,1788942900,66.725,66.66,66.85499999999999,66.645,26.548353092550254,8.857194300502078,3.894245173380674,-3.8942451733806887,1.7703769259767137,0.0,-0.4396702884975595,stop,"[{""stage"": ""direction"", ""timeframe"": ""1h"", ""closeTime"": 1788940800, ""ema20"": 66.34277563160286, ""ema50"": 66.2794295148969, ""rsi20"": null}, {""stage"": ""setup"", ""timeframe"": ""15m"", ""closeTime"": 1788942600, ""ema20"": 66.62553530076119, ""ema50"": 66.39932884331046, ""rsi20"": 56.27093056315634}, {""stage"": ""entry"", ""timeframe"": ""5m"", ""closeTime"": 1788942900, ""ema20"": 66.76913378139267, ""ema50"": 66.65999782146672, ""rsi20"": 50.1476396194478}]"
Validation,73,1,1789002300,1789002600,1789002600,1789002600,67.69500000000001,67.53,68.02500000000002,67.515,26.110416056238048,8.837723074635175,6.465069567604986,-6.465069567604999,1.7651946774819733,0.0,-0.7315311322845314,stop,"[{""stage"": ""direction"", ""timeframe"": ""1h"", ""closeTime"": 1789002000, ""ema20"": 67.12716287252948, ""ema50"": 66.75366601369694, ""rsi20"": null}, {""stage"": ""setup"", ""timeframe"": ""15m"", ""closeTime"": 1789002000, ""ema20"": 67.36654058725931, ""ema50"": 67.29232431524959, ""rsi20"": 50.849948443249815}, {""stage"": ""entry"", ""timeframe"": ""5m"", ""closeTime"": 1789002600, ""ema20"": 67.39626331546407, ""ema50"": 67.38229512065217, ""rsi20"": 66.85215390516113}]"
Validation,74,1,1789004400,1789004700,1789004700,1789005000,67.44500000000001,67.35,67.63500000000003,67.335,26.11134324797138,8.80539772679715,4.631891178757985,-4.631891178757999,1.7596434214807912,0.0,-0.5260286159092997,stop,"[{""stage"": ""direction"", ""timeframe"": ""1h"", ""closeTime"": 1789002000, ""ema20"": 67.12716287252948, ""ema50"": 66.75366601369694, ""rsi20"": null}, {""stage"": ""setup"", ""timeframe"": ""15m"", ""closeTime"": 1789004700, ""ema20"": 67.39449755836428, ""ema50"": 67.31306664378558, ""rsi20"": 52.47704856369566}, {""stage"": ""entry"", ""timeframe"": ""5m"", ""closeTime"": 1789004700, ""ema20"": 67.42909461107708, ""ema50"": 67.40349589147962, ""rsi20"": 51.52270713038543}]"
Validation,75,-1,1789089600,1789089900,1789089900,1789089900,63.525,63.69,63.195,63.705,27.649707267700464,8.78223827090336,6.735883436020825,-6.73588343602084,1.7589361278347648,0.0,-0.7669893742621006,stop,"[{""stage"": ""direction"", ""timeframe"": ""1h"", ""closeTime"": 1789088400, ""ema20"": 64.7341906471278, ""ema50"": 65.67771300339099, ""rsi20"": null}, {""stage"": ""setup"", ""timeframe"": ""15m"", ""closeTime"": 1789089300, ""ema20"": 63.71214528267961, ""ema50"": 64.22743424995453, ""rsi20"": 38.939625663092556}, {""stage"": ""entry"", ""timeframe"": ""5m"", ""closeTime"": 1789089900, ""ema20"": 63.676142687758784, ""ema50"": 63.688262993085544, ""rsi20"": 42.84548819192957}]"
Validation,76,-1,1789090500,1789090800,1789090800,1789096800,63.585,63.81,63.135,63.15,27.517681383103735,8.748558853723255,8.35725742445556,10.22646472660636,1.7437266750438258,0.0,1.1689313517339066,target,"[{""stage"": ""direction"", ""timeframe"": ""1h"", ""closeTime"": 1789088400, ""ema20"": 64.7341906471278, ""ema50"": 65.67771300339099, ""rsi20"": null}, {""stage"": ""setup"", ""timeframe"": ""15m"", ""closeTime"": 1789090200, ""ema20"": 63.70908382718631, ""ema50"": 64.20596624015239, ""rsi20"": 38.939625663092556}, {""stage"": ""entry"", ""timeframe"": ""5m"", ""closeTime"": 1789090800, ""ema20"": 63.676417524601824, ""ema50"": 63.68720547054693, ""rsi20"": 46.99392304584088}]"
Validation,77,-1,1789258200,1789258500,1789258500,1789267200,64.535,64.6,64.405,64.615,27.27106586303955,8.799691177356287,3.942714347148881,-3.9427143471488963,1.761029078105779,0.0,-0.4480514449523461,stop,"[{""stage"": ""direction"", ""timeframe"": ""1h"", ""closeTime"": 1789257600, ""ema20"": 64.5704404138431, ""ema50"": 64.68529736859338, ""rsi20"": null}, {""stage"": ""setup"", ""timeframe"": ""15m"", ""closeTime"": 1789258500, ""ema20"": 64.57142072208327, ""ema50"": 64.58260908370879, ""rsi20"": 44.21768742659705}, {""stage"": ""entry"", ""timeframe"": ""5m"", ""closeTime"": 1789258500, ""ema20"": 64.55676174789161, ""ema50"": 64.56666099858472, ""rsi20"": 47.97258207451269}]"
Validation,78,-1,1789274400,1789274700,1789274700,1789274700,64.55499999999999,64.57,64.52499999999999,64.585,27.201541648580417,8.779977605620543,2.572449793706265,-2.572449793706281,1.7564035442488373,0.0,-0.29299047323987654,stop,"[{""stage"": ""direction"", ""timeframe"": ""1h"", ""closeTime"": 1789272000, ""ema20"": 64.57642620704566, ""ema50"": 64.67090126897405, ""rsi20"": null}, {""stage"": ""setup"", ""timeframe"": ""15m"", ""closeTime"": 1789274700, ""ema20"": 64.58413930507356, ""ema50"": 64.58435973233193, ""rsi20"": 46.5809519909874}, {""stage"": ""entry"", ""timeframe"": ""5m"", ""closeTime"": 1789274700, ""ema20"": 64.58278207612388, ""ema50"": 64.58324323111981, ""rsi20"": 43.94758946674924}]"
Validation,79,-1,1789344600,1789344900,1789344900,1789347600,64.155,64.29,63.88499999999999,63.89999999999999,27.33104311948254,8.767115356652011,5.855129367486885,5.219477632135644,1.7499383633326682,0.0,0.595347205985534,target,"[{""stage"": ""direction"", ""timeframe"": ""1h"", ""closeTime"": 1789344000, ""ema20"": 64.38896673525107, ""ema50"": 64.51652619106468, ""rsi20"": null}, {""stage"": ""setup"", ""timeframe"": ""15m"", ""closeTime"": 1789344900, ""ema20"": 64.2339576581866, ""ema50"": 64.34215866161017, ""rsi20"": 42.931491772764566}, {""stage"": ""entry"", ""timeframe"": ""5m"", ""closeTime"": 1789344900, ""ema20"": 64.11816162046371, ""ema50"": 64.21411775190897, ""rsi20"": 49.44626855560828}]"
Validation,80,-1,1789349400,1789349700,1789349700,1789349700,64.065,64.17,63.85499999999999,64.185,27.45090999707388,8.79321274481269,5.054398803211337,-5.0543988032113525,1.7602896035623625,0.0,-0.5748068368063827,stop,"[{""stage"": ""direction"", ""timeframe"": ""1h"", ""closeTime"": 1789347600, ""ema20"": 64.3604937128462, ""ema50"": 64.49979967376802, ""rsi20"": null}, {""stage"": ""setup"", ""timeframe"": ""15m"", ""closeTime"": 1789349400, ""ema20"": 64.16294790052406, ""ema50"": 64.28966267079346, ""rsi20"": 46.060480411081805}, {""stage"": ""entry"", ""timeframe"": ""5m"", ""closeTime"": 1789349700, ""ema20"": 64.0582546759194, ""ema50"": 64.13456790828064, ""rsi20"": 49.17154254709835}]"
Validation,81,1,1789539000,1789539300,1789539300,1789545600,64.69500000000001,64.56,64.96500000000002,64.545,27.105466421815077,8.767940750796633,5.817375203450091,-5.992503622001454,1.7515552401776904,0.1751284185513472,-0.6834562176366201,stop,"[{""stage"": ""direction"", ""timeframe"": ""1h"", ""closeTime"": 1789538400, ""ema20"": 63.94996728125504, ""ema50"": 63.79106602318099, ""rsi20"": null}, {""stage"": ""setup"", ""timeframe"": ""15m"", ""closeTime"": 1789539300, ""ema20"": 64.49231412596674, ""ema50"": 64.14175457931586, ""rsi20"": 62.90211912485542}, {""stage"": ""entry"", ""timeframe"": ""5m"", ""closeTime"": 1789539300, ""ema20"": 64.6615227689852, ""ema50"": 64.52713586185835, ""rsi20"": 54.640337725096686}]"
Validation,82,1,1789554300,1789554600,1789554600,1789556100,64.685,64.61,64.83500000000001,64.82000000000001,27.017015483300998,8.737978232686626,4.177911274337743,1.897877795163325,1.749419295082448,0.0,0.21719873231817302,target,"[{""stage"": ""direction"", ""timeframe"": ""1h"", ""closeTime"": 1789552800, ""ema20"": 64.182225132843, ""ema50"": 63.91919483863078, ""rsi20"": null}, {""stage"": ""setup"", ""timeframe"": ""15m"", ""closeTime"": 1789554600, ""ema20"": 64.61085063164157, ""ema50"": 64.39277348030035, ""rsi20"": 56.820875945960616}, {""stage"": ""entry"", ""timeframe"": ""5m"", ""closeTime"": 1789554600, ""ema20"": 64.6141406089948, ""ema50"": 64.61200653347119, ""rsi20"": 54.15815178821428}]"
Validation,83,1,1789662900,1789663200,1789663200,1789663800,65.755,65.7,65.86499999999998,65.685,26.606243241312274,8.747467621662443,3.6109993327107057,-3.6109993327107204,1.7485623058190427,0.0,-0.4128051098775551,stop,"[{""stage"": ""direction"", ""timeframe"": ""1h"", ""closeTime"": 1789660800, ""ema20"": 64.57797991594938, ""ema50"": 64.21553284334337, ""rsi20"": null}, {""stage"": ""setup"", ""timeframe"": ""15m"", ""closeTime"": 1789662600, ""ema20"": 65.52469403074849, ""ema50"": 64.8934807423478, ""rsi20"": 64.56975911834667}, {""stage"": ""entry"", ""timeframe"": ""5m"", ""closeTime"": 1789663200, ""ema20"": 65.83272687060173, ""ema50"": 65.62471807982662, ""rsi20"": 50.345147349663186}]"
Validation,84,1,1789663800,1789664100,1789664100,1789664100,65.755,65.66,65.945,65.645,26.55132727548898,8.72941262499889,4.665068202303384,-4.665068202303399,1.744422201999626,0.0,-0.5344080298076175,stop,"[{""stage"": ""direction"", ""timeframe"": ""1h"", ""closeTime"": 1789660800, ""ema20"": 64.57797991594938, ""ema50"": 64.21553284334337, ""rsi20"": null}, {""stage"": ""setup"", ""timeframe"": ""15m"", ""closeTime"": 1789663500, ""ema20"": 65.54615174210578, ""ema50"": 64.92706973284398, ""rsi20"": 61.85912498336557}, {""stage"": ""entry"", ""timeframe"": ""5m"", ""closeTime"": 1789664100, ""ema20"": 65.80687113761552, ""ema50"": 65.63698741338943, ""rsi20"": 50.74131565515544}]"
Validation,85,1,1789700400,1789700700,1789700700,1789701300,65.965,65.75,66.39500000000001,65.735,26.396080600280065,8.706087283987372,7.809280445592947,-7.809280445592963,1.7381819075284424,0.0,-0.8969908284696552,stop,"[{""stage"": ""direction"", ""timeframe"": ""1h"", ""closeTime"": 1789700400, ""ema20"": 65.25622749041612, ""ema50"": 64.69988064671931, ""rsi20"": null}, {""stage"": ""setup"", ""timeframe"": ""15m"", ""closeTime"": 1789700400, ""ema20"": 65.70179221105388, ""ema50"": 65.48158476947565, ""rsi20"": 56.50805430148695}, {""stage"": ""entry"", ""timeframe"": ""5m"", ""closeTime"": 1789700700, ""ema20"": 65.85720127875331, ""ema50"": 65.74724311085063, ""rsi20"": 56.902643389932734}]"
Validation,86,1,1789701900,1789702200,1789702200,1789703100,65.815,65.63,66.185,66.17,26.337585297453188,8.667040881759409,6.998291477312835,7.6117596828538066,1.7380830977421797,0.0,0.878242042087682,target,"[{""stage"": ""direction"", ""timeframe"": ""1h"", ""closeTime"": 1789700400, ""ema20"": 65.25622749041612, ""ema50"": 64.69988064671931, ""rsi20"": null}, {""stage"": ""setup"", ""timeframe"": ""15m"", ""closeTime"": 1789702200, ""ema20"": 65.7256394290033, ""ema50"": 65.50870627893542, ""rsi20"": 56.88207004261245}, {""stage"": ""entry"", ""timeframe"": ""5m"", ""closeTime"": 1789702200, ""ema20"": 65.82728418056259, ""ema50"": 65.75412130783745, ""rsi20"": 50.602824571181344}]"
Validation,87,1,1789828800,1789829100,1789829100,1789830900,66.615,66.53,66.78499999999998,66.515,26.135554094944613,8.705099680173676,4.353268567824286,-4.353268567824301,1.7397131583299883,0.0,-0.5000825639870731,stop,"[{""stage"": ""direction"", ""timeframe"": ""1h"", ""closeTime"": 1789826400, ""ema20"": 66.45688059205014, ""ema50"": 66.07834826788704, ""rsi20"": null}, {""stage"": ""setup"", ""timeframe"": ""15m"", ""closeTime"": 1789829100, ""ema20"": 66.52715915268362, ""ema50"": 66.49430078219453, ""rsi20"": 62.2600261259344}, {""stage"": ""entry"", ""timeframe"": ""5m"", ""closeTime"": 1789829100, ""ema20"": 66.55443218021564, ""ema50"": 66.53001934730077, ""rsi20"": 61.25293545939147}]"
Validation,88,1,1789843200,1789843500,1789843500,1789843500,66.535,66.52,66.565,66.505,26.101550574388085,8.683333337334556,2.5193216614399527,-2.5193216614399674,1.7362751442082953,0.0,-0.29013301270008607,stop,"[{""stage"": ""direction"", ""timeframe"": ""1h"", ""closeTime"": 1789840800, ""ema20"": 66.47227541835227, ""ema50"": 66.14156874763418, ""rsi20"": null}, {""stage"": ""setup"", ""timeframe"": ""15m"", ""closeTime"": 1789843500, ""ema20"": 66.50362314478966, ""ema50"": 66.4969228425996, ""rsi20"": 52.43269798183058}, {""stage"": ""entry"", ""timeframe"": ""5m"", ""closeTime"": 1789843500, ""ema20"": 66.50485622020406, ""ema50"": 66.50477341435273, ""rsi20"": 53.65713837148846}]"
Validation,89,1,1789950000,1789950300,1789950300,1789952400,66.405,66.23,66.755,66.74,26.114710425502164,8.670736729027356,6.693461429160386,7.009906432741319,1.7385215598017427,0.0,0.8084556885776486,target,"[{""stage"": ""direction"", ""timeframe"": ""1h"", ""closeTime"": 1789948800, ""ema20"": 66.33112101003786, ""ema50"": 66.29691043472953, ""rsi20"": null}, {""stage"": ""setup"", ""timeframe"": ""15m"", ""closeTime"": 1789949700, ""ema20"": 66.32055694276497, ""ema50"": 66.31618227901868, ""rsi20"": 56.72165957694059}, {""stage"": ""entry"", ""timeframe"": ""5m"", ""closeTime"": 1789950300, ""ema20"": 66.38708857229929, ""ema50"": 66.33235413711111, ""rsi20"": 52.47590877846965}]"
Validation,90,-1,1789987800,1789988100,1789988100,1789988100,66.095,66.15,65.98499999999999,65.99999999999999,26.34325217093899,8.705786261191061,3.5861069180301035,0.7627030084794555,1.7399059477600929,0.0,0.08760874498831403,target,"[{""stage"": ""direction"", ""timeframe"": ""1h"", ""closeTime"": 1789984800, ""ema20"": 66.27635278682808, ""ema50"": 66.28613114714966, ""rsi20"": null}, {""stage"": ""setup"", ""timeframe"": ""15m"", ""closeTime"": 1789987500, ""ema20"": 66.2324887682619, ""ema50"": 66.27725321480567, ""rsi20"": 45.611797595912584}, {""stage"": ""entry"", ""timeframe"": ""5m"", ""closeTime"": 1789988100, ""ema20"": 66.22470124334099, ""ema50"": 66.22500297187109, ""rsi20"": 43.91016851560032}]"
Validation,91,-1,1790054100,1790054400,1790054400,1790054700,66.005,66.17,65.67499999999998,65.68999999999998,26.390727297124336,8.709599776233459,6.49462603418598,6.575315682897086,1.7377634156973945,0.0,0.754950382546813,target,"[{""stage"": ""direction"", ""timeframe"": ""1h"", ""closeTime"": 1790053200, ""ema20"": 66.24855796737407, ""ema50"": 66.26704910007274, ""rsi20"": null}, {""stage"": ""setup"", ""timeframe"": ""15m"", ""closeTime"": 1790054100, ""ema20"": 66.19416898913458, ""ema50"": 66.24090900853538, ""rsi20"": 47.29962262415091}, {""stage"": ""entry"", ""timeframe"": ""5m"", ""closeTime"": 1790054400, ""ema20"": 66.08828721634292, ""ema50"": 66.16862442614918, ""rsi20"": 43.231202509700125}]"
Validation,92,-1,1790067600,1790067900,1790067900,1790070600,65.295,65.64,64.605,65.655,20.547567670598667,8.742476354647945,8.742476354647945,-8.742476354647957,1.3453519932324478,0.0,-1.0000000000000013,stop,"[{""stage"": ""direction"", ""timeframe"": ""1h"", ""closeTime"": 1790067600, ""ema20"": 65.96761731411374, ""ema50"": 66.13839479110057, ""rsi20"": null}, {""stage"": ""setup"", ""timeframe"": ""15m"", ""closeTime"": 1790067600, ""ema20"": 65.48408532269322, ""ema50"": 65.81745307754221, ""rsi20"": 48.18149543815952}, {""stage"": ""entry"", ""timeframe"": ""5m"", ""closeTime"": 1790067900, ""ema20"": 65.2508293172366, ""ema50"": 65.40984911596156, ""rsi20"": 49.47678456647367}]"
Validation,93,-1,1790168400,1790168700,1790168700,1790171100,65.115,65.42,64.50499999999998,64.51999999999998,22.578064948087853,8.698763972874703,8.698763972874703,11.970494919339885,1.4634537247726842,0.0,1.3761144636947729,target,"[{""stage"": ""direction"", ""timeframe"": ""1h"", ""closeTime"": 1790168400, ""ema20"": 65.99675081227791, ""ema50"": 66.16248483824113, ""rsi20"": null}, {""stage"": ""setup"", ""timeframe"": ""15m"", ""closeTime"": 1790168400, ""ema20"": 65.38154561774904, ""ema50"": 65.82811805012692, ""rsi20"": 38.635743921130924}, {""stage"": ""entry"", ""timeframe"": ""5m"", ""closeTime"": 1790168700, ""ema20"": 65.16668080007538, ""ema50"": 65.30974646838685, ""rsi20"": 44.99303720573787}]"
Validation,94,-1,1790175300,1790175600,1790175600,1790177100,64.895,64.98,64.72499999999998,64.73999999999998,26.993193458575863,8.758616447471404,4.45239229502501,2.4343136690784326,1.7496313170012407,0.0,0.2779335850220059,target,"[{""stage"": ""direction"", ""timeframe"": ""1h"", ""closeTime"": 1790175600, ""ema20"": 65.77452844270368, ""ema50"": 66.0552349467962, ""rsi20"": null}, {""stage"": ""setup"", ""timeframe"": ""15m"", ""closeTime"": 1790175600, ""ema20"": 65.07389061490629, ""ema50"": 65.55706422925792, ""rsi20"": 40.12912019692952}, {""stage"": ""entry"", ""timeframe"": ""5m"", ""closeTime"": 1790175600, ""ema20"": 64.82374666287274, ""ema50"": 65.01153386248725, ""rsi20"": 49.03517606797105}]"
Validation,95,-1,1790211600,1790211900,1790211900,1790211900,64.255,64.46,63.845,64.475,27.299939353565623,8.770788015816795,7.763147254276642,-7.763147254276657,1.7571605964922512,0.0,-0.8851139989105871,stop,"[{""stage"": ""direction"", ""timeframe"": ""1h"", ""closeTime"": 1790211600, ""ema20"": 64.9819366944137, ""ema50"": 65.55278047280291, ""rsi20"": null}, {""stage"": ""setup"", ""timeframe"": ""15m"", ""closeTime"": 1790211600, ""ema20"": 64.45720907563897, ""ema50"": 64.70473415925636, ""rsi20"": 44.75688804328999}, {""stage"": ""entry"", ""timeframe"": ""5m"", ""closeTime"": 1790211900, ""ema20"": 64.3572757590964, ""ema50"": 64.42743073133347, ""rsi20"": 43.90762383205355}]"
Validation,96,-1,1790212500,1790212800,1790212800,1790215500,64.375,64.58,63.965,63.980000000000004,27.128457567519725,8.731972279545412,7.717639251095803,8.974704153630686,1.7410365855394971,0.0,1.0277980582524149,target,"[{""stage"": ""direction"", ""timeframe"": ""1h"", ""closeTime"": 1790211600, ""ema20"": 64.9819366944137, ""ema50"": 65.55278047280291, ""rsi20"": null}, {""stage"": ""setup"", ""timeframe"": ""15m"", ""closeTime"": 1790212500, ""ema20"": 64.46795106843526, ""ema50"": 64.69945046673651, ""rsi20"": 48.903062114723134}, {""stage"": ""entry"", ""timeframe"": ""5m"", ""closeTime"": 1790212800, ""ema20"": 64.38924246103468, ""ema50"": 64.43362973600388, ""rsi20"": 49.36062795113826}]"
Validation,97,-1,1790316300,1790316600,1790316600,1790316600,63.635,63.76,63.385,63.775,27.584963621634525,8.776845800313565,5.6191950145450615,-5.619195014545077,1.7573001075162273,0.0,-0.6402294334878623,stop,"[{""stage"": ""direction"", ""timeframe"": ""1h"", ""closeTime"": 1790316000, ""ema20"": 63.835215522301496, ""ema50"": 64.34371073220758, ""rsi20"": null}, {""stage"": ""setup"", ""timeframe"": ""15m"", ""closeTime"": 1790316000, ""ema20"": 63.756698213250736, ""ema50"": 63.792995422231165, ""rsi20"": 46.860129831928326}, {""stage"": ""entry"", ""timeframe"": ""5m"", ""closeTime"": 1790316600, ""ema20"": 63.69072350938662, ""ema50"": 63.743096287347996, ""rsi20"": 46.53118496288011}]"
Validation,98,-1,1790321400,1790321700,1790321700,1790321700,63.705,63.78,63.55499999999999,63.795,27.466446355045413,8.74874982524084,4.22296612708831,-4.222966127088326,1.7509859551341451,0.0,-0.48269366611727,stop,"[{""stage"": ""direction"", ""timeframe"": ""1h"", ""closeTime"": 1790319600, ""ema20"": 63.8309092820823, ""ema50"": 64.3219965858465, ""rsi20"": null}, {""stage"": ""setup"", ""timeframe"": ""15m"", ""closeTime"": 1790321400, ""ema20"": 63.77552028234444, ""ema50"": 63.7948018563816, ""rsi20"": 47.256752598363256}, {""stage"": ""entry"", ""timeframe"": ""5m"", ""closeTime"": 1790321700, ""ema20"": 63.77080676039977, ""ema50"": 63.77313555367995, ""rsi20"": 46.78529560945348}]"
Validation,99,-1,1790389800,1790390100,1790390100,1790390400,64.225,64.25,64.17499999999998,64.265,27.178310609903928,8.727634994605399,2.83320298952959,-2.833202989529605,1.746070565133278,0.0,-0.3246243674581744,stop,"[{""stage"": ""direction"", ""timeframe"": ""1h"", ""closeTime"": 1790388000, ""ema20"": 64.29157682139817, ""ema50"": 64.36308955702587, ""rsi20"": null}, {""stage"": ""setup"", ""timeframe"": ""15m"", ""closeTime"": 1790389800, ""ema20"": 64.2734091223407, ""ema50"": 64.31408587083875, ""rsi20"": 46.4153915733862}, {""stage"": ""entry"", ""timeframe"": ""5m"", ""closeTime"": 1790390100, ""ema20"": 64.22737550829692, ""ema50"": 64.26317360566445, ""rsi20"": 48.542105292072975}]"
Validation,100,-1,1790393700,1790394000,1790394000,1790394000,64.215,64.24,64.16500000000002,64.255,27.138422423601185,8.713468979657751,2.8287734613238382,-2.8287734613238538,1.743236564380022,0.0,-0.32464377481894274,stop,"[{""stage"": ""direction"", ""timeframe"": ""1h"", ""closeTime"": 1790391600, ""ema20"": 64.28475998126501, ""ema50"": 64.3574782018484, ""rsi20"": null}, {""stage"": ""setup"", ""timeframe"": ""15m"", ""closeTime"": 1790393400, ""ema20"": 64.25901404369867, ""ema50"": 64.30163752744333, ""rsi20"": 45.48152591913339}, {""stage"": ""entry"", ""timeframe"": ""5m"", ""closeTime"": 1790394000, ""ema20"": 64.22911152717913, ""ema50"": 64.2494887854623, ""rsi20"": 47.938446029796005}]"
Validation,101,-1,1790488200,1790488500,1790488500,1790491500,64.135,64.18,64.045,64.19500000000001,27.12816749778165,8.699325112351131,3.368368917362105,-3.3683689173621203,1.7406788674951597,0.0,-0.38719887736805886,stop,"[{""stage"": ""direction"", ""timeframe"": ""1h"", ""closeTime"": 1790485200, ""ema20"": 64.21472242338011, ""ema50"": 64.26626892365144, ""rsi20"": null}, {""stage"": ""setup"", ""timeframe"": ""15m"", ""closeTime"": 1790487900, ""ema20"": 64.1880576206043, ""ema50"": 64.20539416797911, ""rsi20"": 45.2890039384334}, {""stage"": ""entry"", ""timeframe"": ""5m"", ""closeTime"": 1790488500, ""ema20"": 64.1646350859379, ""ema50"": 64.18302632612583, ""rsi20"": 43.372996076058946}]"
Validation,102,-1,1790492400,1790492700,1790492700,1790493000,64.155,64.18,64.10499999999999,64.19500000000001,27.067206820245715,8.68248326776432,2.8197262704992516,-2.8197262704992667,1.737037997689269,0.0,-0.32476034603696124,stop,"[{""stage"": ""direction"", ""timeframe"": ""1h"", ""closeTime"": 1790492400, ""ema20"": 64.20497685904812, ""ema50"": 64.25812829130608, ""rsi20"": null}, {""stage"": ""setup"", ""timeframe"": ""15m"", ""closeTime"": 1790492400, ""ema20"": 64.17857502209682, ""ema50"": 64.19767156428514, ""rsi20"": 47.41258229795432}, {""stage"": ""entry"", ""timeframe"": ""5m"", ""closeTime"": 1790492700, ""ema20"": 64.167276100122, ""ema50"": 64.17550646806612, ""rsi20"": 49.53649082134447}]"
